ID,Date,Location,Police District,Police Station,Police,News,Journalists' Notes,Task Force Detainees of the Philippines,RiseUp for Life and Rights,Balay Rehabilitation Center,CCT-DRK Research,Redemptorist Social Mission,Funeral Parlor,Bishop of Caloocan,Philippine Human Rights Information Center,Commission on Human Rights,Assailant
2,Apr-2017,Caloocan,NPD,PS-1,1,1,0.0,0.0,0.0,1.0,1.0,0.0,,0.0,0.0,0.0,Unidentified
6,Jul-2016,Caloocan,NPD,PS-1,1,0,,,,0.0,0.0,0.0,0.0,0.0,,,Unidentified
7,Jul-2017,Caloocan,NPD,PS-1,0,1,1.0,0.0,0.0,0.0,1.0,0.0,,1.0,0.0,0.0,Unidentified
8,Nov-2016,Caloocan,NPD,PS-1,1,0,0.0,0.0,0.0,0.0,0.0,0.0,0.0,0.0,0.0,0.0,Unidentified
12,Apr-2017,Caloocan,NPD,PS-1,1,1,0.0,0.0,0.0,1.0,1.0,0.0,,0.0,0.0,0.0,Unidentified
13,Jul-2016,Caloocan,NPD,PS-1,1,1,,,,0.0,1.0,1.0,1.0,0.0,,,Unidentified
17,Jun-2017,Caloocan,NPD,PS-1,1,0,0.0,0.0,0.0,0.0,0.0,0.0,,0.0,0.0,0.0,Unidentified
18,Oct-2016,Caloocan,NPD,PS-1,1,0,0.0,0.0,0.0,1.0,0.0,0.0,0.0,0.0,0.0,0.0,Unidentified
20,Nov-2016,Caloocan,NPD,PS-1,1,0,0.0,0.0,0.0,0.0,0.0,0.0,0.0,0.0,0.0,0.0,Unidentified
21,Oct-2016,Caloocan,NPD,PS-1,1,0,,0.0,0.0,1.0,0.0,0.0,0.0,0.0,0.0,0.0,Unidentified
23,Jul-2016,Caloocan,NPD,PS-1,1,0,,,,1.0,0.0,0.0,0.0,0.0,,,Unidentified
24,Apr-2017,Caloocan,NPD,PS-1,1,1,0.0,0.0,0.0,1.0,1.0,0.0,,0.0,0.0,0.0,Unidentified
27,Jul-2016,Caloocan,NPD,PS-1,1,1,,,,0.0,1.0,0.0,0.0,0.0,,,Unidentified
28,Feb-2017,Caloocan,NPD,PS-1,0,1,0.0,0.0,0.0,0.0,1.0,0.0,,0.0,0.0,0.0,Unidentified
29,Mar-2017,Caloocan,NPD,PS-1,1,1,0.0,0.0,0.0,0.0,1.0,0.0,,0.0,0.0,0.0,Unidentified
30,Dec-2016,Caloocan,NPD,PS-1,1,0,0.0,0.0,0.0,0.0,0.0,1.0,1.0,0.0,0.0,0.0,Unidentified
33,Aug-2016,Caloocan,NPD,PS-1,1,0,,,,0.0,0.0,0.0,0.0,0.0,,0.0,Unidentified
36,Jul-2016,Caloocan,NPD,PS-1,1,1,,,,0.0,1.0,0.0,0.0,0.0,,,Unidentified
39,Oct-2016,Caloocan,NPD,PS-1,1,0,,,0.0,0.0,0.0,0.0,0.0,0.0,0.0,0.0,Unidentified
43,Mar-2017,Caloocan,NPD,PS-1,1,0,0.0,0.0,0.0,1.0,0.0,0.0,,0.0,0.0,0.0,Unidentified
48,Sep-2016,Caloocan,NPD,PS-1,1,0,,,,0.0,0.0,0.0,0.0,0.0,0.0,0.0,Unidentified
49,Sep-2016,Caloocan,NPD,PS-1,1,0,,,,0.0,0.0,0.0,0.0,0.0,0.0,0.0,Unidentified
51,Jul-2016,Caloocan,NPD,PS-1,1,1,,,,0.0,1.0,0.0,0.0,0.0,,,Unidentified
56,Sep-2016,Caloocan,NPD,PS-1,1,0,,,,0.0,0.0,0.0,0.0,0.0,0.0,0.0,Unidentified
60,Oct-2016,Caloocan,NPD,PS-1,1,1,0.0,0.0,0.0,0.0,0.0,0.0,0.0,1.0,0.0,0.0,Unidentified
61,Oct-2016,Caloocan,NPD,PS-1,1,0,,,0.0,0.0,0.0,0.0,0.0,0.0,0.0,0.0,Unidentified
62,Sep-2016,Caloocan,NPD,PS-1,1,1,,,0.0,0.0,1.0,0.0,0.0,0.0,0.0,0.0,Unidentified
63,Oct-2016,Caloocan,NPD,PS-1,1,1,0.0,0.0,0.0,0.0,1.0,0.0,0.0,0.0,0.0,0.0,Unidentified
64,Aug-2016,Caloocan,NPD,PS-1,1,1,,,,0.0,1.0,0.0,0.0,0.0,,0.0,Unidentified
65,Oct-2016,Caloocan,NPD,PS-1,1,1,,,0.0,1.0,1.0,0.0,0.0,0.0,0.0,0.0,Unidentified
66,Jan-2017,Caloocan,NPD,PS-1,1,1,0.0,0.0,0.0,1.0,1.0,0.0,,1.0,0.0,0.0,Unidentified
68,Sep-2016,Caloocan,NPD,PS-1,1,0,,,,0.0,0.0,0.0,0.0,0.0,0.0,0.0,Unidentified
70,Jul-2016,Caloocan,NPD,PS-1,1,0,,,,0.0,0.0,1.0,1.0,0.0,,,Unidentified
72,Jul-2016,Caloocan,NPD,PS-1,1,1,,,,0.0,1.0,1.0,1.0,0.0,,,Unidentified
74,Jul-2016,Caloocan,NPD,PS-1,0,1,,,,0.0,1.0,0.0,0.0,0.0,,,Unidentified
76,Feb-2017,Caloocan,NPD,PS-1,0,1,0.0,0.0,0.0,0.0,1.0,0.0,,1.0,0.0,0.0,Unidentified
77,Nov-2016,Caloocan,NPD,PS-1,1,0,0.0,0.0,0.0,1.0,0.0,0.0,0.0,0.0,0.0,0.0,Unidentified
78,Mar-2017,Caloocan,NPD,PS-1,1,0,0.0,0.0,0.0,0.0,0.0,0.0,,0.0,0.0,0.0,Unidentified
83,Jan-2017,Caloocan,NPD,PS-1,1,0,0.0,0.0,0.0,0.0,0.0,0.0,,0.0,0.0,0.0,Unidentified
84,Dec-2016,Caloocan,NPD,PS-1,1,0,0.0,0.0,0.0,0.0,0.0,0.0,0.0,0.0,0.0,0.0,Unidentified
85,Jul-2016,Caloocan,NPD,PS-1,1,0,,,,0.0,1.0,0.0,0.0,0.0,,,Unidentified
88,Nov-2016,Caloocan,NPD,PS-1,1,0,0.0,0.0,0.0,0.0,0.0,0.0,0.0,0.0,0.0,0.0,Unidentified
89,Oct-2016,Caloocan,NPD,PS-1,1,0,0.0,0.0,0.0,1.0,0.0,0.0,0.0,1.0,0.0,0.0,Unidentified
91,Feb-2017,Caloocan,NPD,PS-1,1,0,0.0,0.0,0.0,1.0,0.0,0.0,,0.0,0.0,0.0,Unidentified
94,Sep-2016,Caloocan,NPD,PS-1,1,0,,,,0.0,0.0,0.0,0.0,0.0,0.0,0.0,Unidentified
95,Nov-2016,Caloocan,NPD,PS-1,1,0,0.0,0.0,0.0,0.0,0.0,0.0,0.0,0.0,0.0,0.0,Unidentified
96,Nov-2016,Caloocan,NPD,PS-1,1,0,0.0,0.0,0.0,1.0,0.0,0.0,0.0,0.0,0.0,0.0,Unidentified
104,Jul-2016,Caloocan,NPD,PS-1,1,1,,,,0.0,1.0,0.0,0.0,1.0,,,Unidentified
105,Dec-2016,Caloocan,NPD,PS-1,1,0,0.0,0.0,0.0,0.0,0.0,0.0,0.0,0.0,0.0,0.0,Unidentified
108,Dec-2016,Caloocan,NPD,PS-1,1,0,0.0,0.0,0.0,0.0,0.0,0.0,0.0,0.0,0.0,0.0,Unidentified
109,Dec-2016,Caloocan,NPD,PS-1,1,1,0.0,0.0,1.0,1.0,1.0,0.0,0.0,1.0,0.0,1.0,Unidentified
110,Aug-2017,Caloocan,NPD,PS-1,0,1,0.0,0.0,,1.0,1.0,0.0,,1.0,0.0,0.0,Unidentified
111,Sep-2016,Caloocan,NPD,PS-1,1,1,,,0.0,0.0,1.0,0.0,0.0,0.0,0.0,0.0,Unidentified
114,Oct-2016,Caloocan,NPD,PS-1,1,1,0.0,0.0,0.0,0.0,1.0,0.0,0.0,0.0,0.0,0.0,Unidentified
116,Jul-2016,Caloocan,NPD,PS-1,1,0,,,,0.0,0.0,0.0,0.0,0.0,,1.0,Unidentified
117,Aug-2016,Caloocan,NPD,PS-1,1,0,,,,0.0,0.0,0.0,0.0,0.0,,0.0,Unidentified
118,Nov-2016,Caloocan,NPD,PS-1,1,0,0.0,0.0,0.0,0.0,0.0,0.0,0.0,0.0,0.0,0.0,Unidentified
122,Jul-2016,Caloocan,NPD,PS-1,1,0,,,,1.0,0.0,0.0,0.0,0.0,,,Unidentified
123,Oct-2016,Caloocan,NPD,PS-1,0,1,1.0,0.0,0.0,0.0,1.0,1.0,1.0,0.0,0.0,0.0,Unidentified
125,Nov-2016,Caloocan,NPD,PS-1,1,0,0.0,0.0,0.0,0.0,0.0,0.0,0.0,0.0,0.0,0.0,Unidentified
127,Sep-2016,Caloocan,NPD,PS-1,1,0,,,0.0,1.0,0.0,0.0,0.0,0.0,0.0,0.0,Unidentified
128,Nov-2016,Caloocan,NPD,PS-1,1,0,0.0,0.0,0.0,0.0,0.0,0.0,0.0,0.0,0.0,0.0,Unidentified
129,Nov-2016,Caloocan,NPD,PS-1,1,0,0.0,0.0,0.0,0.0,0.0,0.0,0.0,0.0,0.0,0.0,Unidentified
130,Jan-2017,Caloocan,NPD,PS-1,1,1,0.0,0.0,0.0,0.0,0.0,0.0,,0.0,0.0,0.0,Unidentified
131,Feb-2017,Caloocan,NPD,PS-1,1,0,0.0,0.0,0.0,0.0,1.0,1.0,,1.0,0.0,0.0,Unidentified
134,Nov-2016,Caloocan,NPD,PS-1,1,1,0.0,0.0,0.0,1.0,0.0,0.0,0.0,1.0,0.0,0.0,Unidentified
135,Sep-2016,Caloocan,NPD,PS-1,0,1,,,,0.0,1.0,0.0,0.0,0.0,0.0,0.0,Unidentified
138,Sep-2016,Caloocan,NPD,PS-1,1,1,,,,0.0,1.0,0.0,0.0,0.0,0.0,0.0,Unidentified
139,Aug-2016,Caloocan,NPD,PS-1,1,1,,,,0.0,1.0,0.0,0.0,0.0,,0.0,Unidentified
144,Oct-2016,Caloocan,NPD,PS-1,0,1,0.0,0.0,0.0,0.0,1.0,0.0,0.0,0.0,0.0,0.0,Unidentified
149,Nov-2017,Caloocan,NPD,PS-1,0,1,0.0,,,0.0,1.0,0.0,,1.0,,,Unidentified
150,Oct-2016,Caloocan,NPD,PS-1,1,1,0.0,0.0,0.0,0.0,1.0,0.0,0.0,0.0,0.0,0.0,Unidentified
151,Aug-2016,Caloocan,NPD,PS-1,1,1,,,,0.0,1.0,0.0,0.0,0.0,0.0,0.0,Unidentified
153,Oct-2016,Caloocan,NPD,PS-1,1,0,,,0.0,0.0,0.0,0.0,0.0,0.0,0.0,0.0,Unidentified
155,Nov-2016,Caloocan,NPD,PS-1,1,0,0.0,0.0,0.0,1.0,0.0,0.0,0.0,0.0,0.0,0.0,Unidentified
158,Oct-2016,Caloocan,NPD,PS-1,1,0,0.0,0.0,0.0,0.0,0.0,0.0,0.0,0.0,0.0,0.0,Unidentified
159,Sep-2016,Caloocan,NPD,PS-1,1,1,,,0.0,0.0,1.0,0.0,0.0,0.0,0.0,0.0,Unidentified
160,Jul-2016,Caloocan,NPD,PS-1,1,0,,,,0.0,0.0,,,0.0,,,Unidentified
167,Jul-2016,Caloocan,NPD,PS-1,1,1,,,,0.0,0.0,,,0.0,,,Unidentified
168,Jul-2016,Caloocan,NPD,PS-1,0,1,,,,0.0,1.0,,,0.0,,,Unidentified
171,Jul-2016,Caloocan,NPD,PS-1,1,1,,,,0.0,1.0,,,0.0,,,Unidentified
172,Jul-2016,Caloocan,NPD,PS-1,1,0,,,,0.0,0.0,,,0.0,,,Unidentified
173,Jul-2016,Caloocan,NPD,PS-1,1,1,,,,0.0,1.0,1.0,1.0,1.0,,,Unidentified
175,Jul-2016,Caloocan,NPD,PS-1,1,1,,,,0.0,1.0,1.0,1.0,0.0,,,Unidentified
176,Jul-2016,Caloocan,NPD,PS-1,1,1,,,,0.0,1.0,0.0,0.0,0.0,,,Unidentified
178,Jul-2016,Caloocan,NPD,PS-1,1,1,,,,0.0,1.0,0.0,0.0,0.0,,,Unidentified
179,Jul-2016,Caloocan,NPD,PS-1,1,1,,,,0.0,1.0,1.0,0.0,0.0,,,Unidentified
180,Jul-2016,Caloocan,NPD,PS-1,0,1,,,,0.0,1.0,0.0,0.0,1.0,,,Unidentified
182,Jul-2016,Caloocan,NPD,PS-1,1,0,,,,0.0,0.0,1.0,1.0,0.0,,,Unidentified
183,Jul-2016,Caloocan,NPD,PS-1,1,0,,,,1.0,0.0,0.0,0.0,0.0,,,Unidentified
184,Jul-2016,Caloocan,NPD,PS-1,1,0,,,,0.0,0.0,1.0,1.0,0.0,,,Unidentified
185,Jul-2016,Caloocan,NPD,PS-1,1,1,,,,0.0,1.0,0.0,0.0,0.0,,,Unidentified
186,Jul-2016,Caloocan,NPD,PS-1,1,1,,,,0.0,1.0,1.0,1.0,0.0,,,Unidentified
188,Jul-2016,Caloocan,NPD,PS-1,1,0,,,,0.0,0.0,0.0,0.0,0.0,,,Unidentified
189,Jul-2016,Caloocan,NPD,PS-1,1,1,,,,0.0,1.0,0.0,0.0,0.0,,,Unidentified
190,Jul-2016,Caloocan,NPD,PS-1,1,0,,,,0.0,0.0,0.0,0.0,0.0,,,Unidentified
191,Jul-2016,Caloocan,NPD,PS-1,1,0,,,,0.0,0.0,0.0,0.0,0.0,,,Unidentified
192,Jul-2016,Caloocan,NPD,PS-1,0,1,,,,0.0,1.0,0.0,0.0,0.0,,,Unidentified
193,Jul-2016,Caloocan,NPD,PS-1,0,1,,,,0.0,1.0,0.0,0.0,0.0,,,Unidentified
195,Jul-2016,Caloocan,NPD,PS-1,0,0,,,,0.0,1.0,0.0,0.0,0.0,,,Unidentified
196,Jul-2016,Caloocan,NPD,PS-1,1,1,,,,0.0,1.0,0.0,0.0,0.0,,,Unidentified
197,Jul-2016,Caloocan,NPD,PS-1,0,0,,,,0.0,1.0,0.0,0.0,0.0,,,Unidentified
198,Jul-2016,Caloocan,NPD,PS-1,1,0,,,,0.0,1.0,0.0,0.0,0.0,,,Unidentified
200,Jul-2016,Caloocan,NPD,PS-1,1,0,,,,0.0,0.0,0.0,0.0,0.0,,,Unidentified
201,Jul-2016,Caloocan,NPD,PS-1,1,0,,,,0.0,1.0,1.0,1.0,0.0,,,Unidentified
202,Jul-2016,Caloocan,NPD,PS-1,1,1,,,,0.0,0.0,0.0,0.0,0.0,,,Unidentified
204,Jul-2016,Caloocan,NPD,PS-1,1,0,,,,0.0,0.0,0.0,0.0,0.0,,,Unidentified
205,Jul-2016,Caloocan,NPD,PS-1,1,1,,,,0.0,1.0,0.0,0.0,1.0,,,Unidentified
206,Jul-2016,Caloocan,NPD,PS-1,1,1,,,,0.0,1.0,0.0,0.0,1.0,,,Unidentified
207,Jul-2016,Caloocan,NPD,PS-1,1,1,,,,0.0,0.0,0.0,0.0,1.0,,,Unidentified
208,Jul-2016,Caloocan,NPD,PS-1,1,0,,,,0.0,0.0,0.0,0.0,0.0,,,Unidentified
209,Jul-2016,Caloocan,NPD,PS-1,1,1,,,,0.0,1.0,1.0,1.0,0.0,,,Unidentified
210,Jul-2016,Caloocan,NPD,PS-1,0,1,,,,0.0,1.0,0.0,0.0,0.0,,,Unidentified
211,Jul-2016,Caloocan,NPD,PS-1,1,0,,,,0.0,0.0,0.0,0.0,0.0,,,Unidentified
212,Jul-2016,Caloocan,NPD,PS-1,0,0,,,,0.0,0.0,1.0,1.0,0.0,,,Unidentified
213,Jul-2016,Caloocan,NPD,PS-1,1,0,,,,0.0,0.0,0.0,0.0,0.0,,,Unidentified
214,Jul-2016,Caloocan,NPD,PS-1,1,1,,,,0.0,1.0,1.0,1.0,0.0,,,Unidentified
216,Jul-2016,Caloocan,NPD,PS-1,1,1,,,,0.0,0.0,0.0,0.0,1.0,,,Unidentified
217,Jul-2016,Caloocan,NPD,PS-1,1,1,,,,0.0,1.0,0.0,0.0,1.0,,,Unidentified
219,Jul-2016,Caloocan,NPD,PS-1,1,0,,,,0.0,0.0,0.0,0.0,0.0,,1.0,Unidentified
220,Jul-2016,Caloocan,NPD,PS-1,1,0,,,,0.0,0.0,0.0,0.0,0.0,,0.0,Unidentified
221,Jul-2016,Caloocan,NPD,PS-1,1,0,,,,0.0,0.0,1.0,1.0,0.0,,0.0,Unidentified
223,Jul-2016,Caloocan,NPD,PS-1,1,0,,,,1.0,0.0,0.0,0.0,0.0,,0.0,Unidentified
224,Jul-2016,Caloocan,NPD,PS-1,1,0,,,,0.0,0.0,1.0,0.0,0.0,,0.0,Unidentified
225,Jul-2016,Caloocan,NPD,PS-1,1,0,,,,0.0,0.0,0.0,0.0,0.0,,0.0,Unidentified
226,Jul-2016,Caloocan,NPD,PS-1,1,0,,,,0.0,0.0,0.0,0.0,0.0,,0.0,Unidentified
227,Aug-2016,Caloocan,NPD,PS-1,1,0,,,,0.0,0.0,0.0,0.0,0.0,,0.0,Unidentified
229,Aug-2016,Caloocan,NPD,PS-1,1,0,,,,0.0,0.0,1.0,1.0,0.0,,0.0,Unidentified
230,Aug-2016,Caloocan,NPD,PS-1,1,0,,,,1.0,0.0,0.0,0.0,0.0,,0.0,Unidentified
231,Aug-2016,Caloocan,NPD,PS-1,1,0,,,,0.0,0.0,0.0,0.0,0.0,,0.0,Unidentified
232,Aug-2016,Caloocan,NPD,PS-1,1,0,,,,0.0,0.0,0.0,0.0,0.0,,0.0,Unidentified
233,Aug-2016,Caloocan,NPD,PS-1,1,0,,,,0.0,0.0,0.0,0.0,0.0,,0.0,Unidentified
234,Aug-2016,Caloocan,NPD,PS-1,1,0,,,,0.0,0.0,0.0,0.0,0.0,,0.0,Unidentified
235,Aug-2016,Caloocan,NPD,PS-1,1,0,,,,1.0,0.0,0.0,0.0,0.0,,0.0,Unidentified
236,Aug-2016,Caloocan,NPD,PS-1,1,0,,,,0.0,0.0,0.0,0.0,0.0,,0.0,Unidentified
237,Aug-2016,Caloocan,NPD,PS-1,1,0,,,,1.0,0.0,0.0,0.0,0.0,,0.0,Unidentified
238,Aug-2016,Caloocan,NPD,PS-1,1,0,,,,0.0,0.0,1.0,1.0,0.0,,0.0,Unidentified
239,Aug-2016,Caloocan,NPD,PS-1,1,0,,,,0.0,0.0,0.0,0.0,0.0,,0.0,Unidentified
240,Aug-2016,Caloocan,NPD,PS-1,1,1,,,,0.0,1.0,0.0,0.0,0.0,,0.0,Unidentified
241,Aug-2016,Caloocan,NPD,PS-1,1,1,,,,0.0,1.0,1.0,1.0,0.0,,0.0,Unidentified
242,Aug-2016,Caloocan,NPD,PS-1,0,0,,,,0.0,1.0,0.0,0.0,0.0,,0.0,Unidentified
243,Aug-2016,Caloocan,NPD,PS-1,1,0,,,,1.0,0.0,0.0,0.0,0.0,,0.0,Unidentified
244,Aug-2016,Caloocan,NPD,PS-1,0,1,,,,0.0,1.0,0.0,0.0,0.0,,0.0,Unidentified
245,Aug-2016,Caloocan,NPD,PS-1,1,0,,,,1.0,0.0,0.0,0.0,0.0,,0.0,Unidentified
247,Aug-2016,Caloocan,NPD,PS-1,1,0,,,,0.0,0.0,0.0,0.0,0.0,,0.0,Unidentified
248,Aug-2016,Caloocan,NPD,PS-1,1,0,,,,0.0,0.0,0.0,0.0,0.0,,0.0,Unidentified
249,Aug-2016,Caloocan,NPD,PS-1,1,0,,,,0.0,0.0,0.0,0.0,0.0,,0.0,Unidentified
251,Aug-2016,Caloocan,NPD,PS-1,1,0,,,,0.0,0.0,0.0,0.0,0.0,,0.0,Unidentified
252,Aug-2016,Caloocan,NPD,PS-1,1,0,,,,0.0,0.0,0.0,0.0,0.0,,0.0,Unidentified
253,Aug-2016,Caloocan,NPD,PS-1,1,0,,,,0.0,0.0,0.0,0.0,0.0,,0.0,Unidentified
254,Aug-2016,Caloocan,NPD,PS-1,1,0,,,,0.0,0.0,0.0,0.0,0.0,,0.0,Unidentified
255,Aug-2016,Caloocan,NPD,PS-1,1,0,,,,0.0,0.0,0.0,0.0,0.0,,0.0,Unidentified
256,Aug-2016,Caloocan,NPD,PS-1,1,0,,,,0.0,0.0,0.0,0.0,0.0,,0.0,Unidentified
257,Aug-2016,Caloocan,NPD,PS-1,1,0,,,,0.0,0.0,0.0,0.0,0.0,,0.0,Unidentified
258,Aug-2016,Caloocan,NPD,PS-1,1,0,,,,0.0,0.0,0.0,0.0,0.0,,0.0,Unidentified
259,Aug-2016,Caloocan,NPD,PS-1,1,0,,,,1.0,0.0,0.0,0.0,0.0,,0.0,Unidentified
261,Aug-2016,Caloocan,NPD,PS-1,1,0,,,,1.0,0.0,0.0,0.0,0.0,,0.0,Unidentified
262,Aug-2016,Caloocan,NPD,PS-1,1,0,,,,0.0,0.0,0.0,0.0,0.0,,0.0,Unidentified
267,Aug-2016,Caloocan,NPD,PS-1,1,0,,,,0.0,0.0,0.0,0.0,0.0,,0.0,Unidentified
268,Aug-2016,Caloocan,NPD,PS-1,1,0,,,,0.0,0.0,0.0,0.0,0.0,,0.0,Unidentified
269,Aug-2016,Caloocan,NPD,PS-1,1,1,,,,0.0,1.0,1.0,1.0,0.0,,0.0,Unidentified
270,Aug-2016,Caloocan,NPD,PS-1,1,1,,,,0.0,1.0,0.0,0.0,1.0,,0.0,Unidentified
271,Aug-2016,Caloocan,NPD,PS-1,1,0,,,,1.0,0.0,0.0,0.0,0.0,,0.0,Unidentified
272,Aug-2016,Caloocan,NPD,PS-1,1,0,,,,0.0,0.0,0.0,0.0,0.0,,0.0,Unidentified
273,Aug-2016,Caloocan,NPD,PS-1,0,1,,,,0.0,1.0,1.0,1.0,1.0,,0.0,Unidentified
274,Aug-2016,Caloocan,NPD,PS-1,1,0,,,,1.0,0.0,0.0,0.0,0.0,,0.0,Unidentified
275,Aug-2016,Caloocan,NPD,PS-1,1,0,,,,0.0,0.0,0.0,0.0,0.0,,0.0,Unidentified
276,Aug-2016,Caloocan,NPD,PS-1,1,0,,,,0.0,0.0,0.0,0.0,0.0,,0.0,Unidentified
277,Aug-2016,Caloocan,NPD,PS-1,0,1,,,,0.0,1.0,0.0,0.0,0.0,,0.0,Unidentified
278,Aug-2016,Caloocan,NPD,PS-1,0,1,,,,0.0,1.0,1.0,1.0,0.0,,0.0,Unidentified
279,Aug-2016,Caloocan,NPD,PS-1,1,1,,,,0.0,0.0,1.0,1.0,0.0,1.0,0.0,Unidentified
280,Aug-2016,Caloocan,NPD,PS-1,1,0,,,,1.0,0.0,0.0,0.0,0.0,0.0,0.0,Unidentified
282,Aug-2016,Caloocan,NPD,PS-1,1,0,,,,0.0,0.0,0.0,0.0,0.0,0.0,0.0,Unidentified
283,Aug-2016,Caloocan,NPD,PS-1,1,0,,,,0.0,0.0,0.0,0.0,0.0,0.0,0.0,Unidentified
284,Aug-2016,Caloocan,NPD,PS-1,1,0,,,,0.0,0.0,0.0,0.0,0.0,0.0,0.0,Unidentified
285,Aug-2016,Caloocan,NPD,PS-1,0,1,,,,0.0,0.0,0.0,0.0,1.0,0.0,1.0,Unidentified
286,Aug-2016,Caloocan,NPD,PS-1,0,1,,,,0.0,0.0,0.0,0.0,1.0,0.0,1.0,Unidentified
287,Aug-2016,Caloocan,NPD,PS-1,1,0,,,,1.0,0.0,0.0,0.0,0.0,0.0,0.0,Unidentified
288,Aug-2016,Caloocan,NPD,PS-1,1,0,,,,0.0,0.0,0.0,0.0,0.0,0.0,0.0,Unidentified
289,Aug-2016,Caloocan,NPD,PS-1,1,0,,,,1.0,0.0,0.0,0.0,0.0,0.0,0.0,Unidentified
290,Aug-2016,Caloocan,NPD,PS-1,1,0,,,,0.0,0.0,0.0,0.0,0.0,0.0,0.0,Unidentified
292,Aug-2016,Caloocan,NPD,PS-1,1,0,,,,0.0,0.0,0.0,0.0,0.0,0.0,0.0,Unidentified
295,Aug-2016,Caloocan,NPD,PS-1,1,0,,,,0.0,0.0,0.0,0.0,0.0,0.0,0.0,Unidentified
296,Aug-2016,Caloocan,NPD,PS-1,0,1,,,,0.0,0.0,0.0,1.0,0.0,0.0,0.0,Unidentified
297,Aug-2016,Caloocan,NPD,PS-1,1,1,,,,0.0,1.0,0.0,0.0,0.0,0.0,0.0,Unidentified
299,Aug-2016,Caloocan,NPD,PS-1,1,1,,,,0.0,0.0,1.0,1.0,0.0,0.0,0.0,Unidentified
300,Aug-2016,Caloocan,NPD,PS-1,1,0,,,,0.0,0.0,0.0,0.0,0.0,0.0,0.0,Unidentified
302,Sep-2016,Caloocan,NPD,PS-1,1,0,,,,0.0,0.0,0.0,0.0,0.0,0.0,0.0,Unidentified
303,Sep-2016,Caloocan,NPD,PS-1,1,0,,,,0.0,0.0,0.0,0.0,0.0,0.0,0.0,Unidentified
304,Sep-2016,Caloocan,NPD,PS-1,1,1,,,,1.0,1.0,0.0,0.0,0.0,0.0,0.0,Unidentified
305,Sep-2016,Caloocan,NPD,PS-1,0,1,,,,0.0,1.0,0.0,0.0,0.0,0.0,0.0,Unidentified
306,Sep-2016,Caloocan,NPD,PS-1,1,0,,,,0.0,0.0,0.0,0.0,0.0,0.0,0.0,Unidentified
307,Sep-2016,Caloocan,NPD,PS-1,0,1,,,,0.0,1.0,0.0,0.0,0.0,0.0,0.0,Unidentified
308,Sep-2016,Caloocan,NPD,PS-1,0,1,,,,0.0,0.0,1.0,1.0,0.0,0.0,0.0,Unidentified
310,Sep-2016,Caloocan,NPD,PS-1,0,1,,,,0.0,1.0,0.0,0.0,0.0,0.0,0.0,Unidentified
311,Sep-2016,Caloocan,NPD,PS-1,1,0,,,,0.0,0.0,0.0,0.0,0.0,0.0,0.0,Unidentified
312,Sep-2016,Caloocan,NPD,PS-1,1,1,,,,0.0,1.0,0.0,0.0,0.0,0.0,0.0,Unidentified
313,Sep-2016,Caloocan,NPD,PS-1,0,1,,,,0.0,0.0,0.0,0.0,0.0,0.0,0.0,Unidentified
314,Sep-2016,Caloocan,NPD,PS-1,1,1,,,,0.0,1.0,0.0,0.0,0.0,0.0,0.0,Unidentified
315,Sep-2016,Caloocan,NPD,PS-1,0,1,,,,0.0,1.0,0.0,0.0,0.0,0.0,0.0,Unidentified
316,Sep-2016,Caloocan,NPD,PS-1,1,0,,,,0.0,0.0,0.0,0.0,0.0,0.0,0.0,Unidentified
317,Sep-2016,Caloocan,NPD,PS-1,1,0,,,,1.0,0.0,0.0,0.0,0.0,0.0,0.0,Unidentified
318,Sep-2016,Caloocan,NPD,PS-1,1,1,,,,0.0,0.0,1.0,1.0,1.0,0.0,0.0,Unidentified
320,Sep-2016,Caloocan,NPD,PS-1,1,0,,,,0.0,0.0,0.0,0.0,0.0,0.0,0.0,Unidentified
321,Sep-2016,Caloocan,NPD,PS-1,1,0,,,,0.0,0.0,0.0,0.0,0.0,0.0,0.0,Unidentified
322,Sep-2016,Caloocan,NPD,PS-1,1,0,,,,0.0,0.0,0.0,0.0,0.0,0.0,0.0,Unidentified
323,Sep-2016,Caloocan,NPD,PS-1,1,0,,,,0.0,0.0,0.0,0.0,0.0,0.0,0.0,Unidentified
325,Sep-2016,Caloocan,NPD,PS-1,1,0,,,,0.0,0.0,0.0,0.0,0.0,0.0,0.0,Unidentified
326,Sep-2016,Caloocan,NPD,PS-1,1,1,,,,0.0,1.0,1.0,1.0,0.0,0.0,0.0,Unidentified
327,Sep-2016,Caloocan,NPD,PS-1,1,1,,,,0.0,1.0,0.0,0.0,1.0,0.0,0.0,Unidentified
328,Sep-2016,Caloocan,NPD,PS-1,1,1,,,,0.0,1.0,0.0,0.0,1.0,0.0,0.0,Unidentified
329,Sep-2016,Caloocan,NPD,PS-1,1,0,,,,0.0,0.0,0.0,0.0,0.0,0.0,0.0,Unidentified
330,Sep-2016,Caloocan,NPD,PS-1,1,1,,,,0.0,1.0,0.0,0.0,1.0,0.0,0.0,Unidentified
331,Sep-2016,Caloocan,NPD,PS-1,1,0,,,,1.0,0.0,0.0,0.0,0.0,0.0,0.0,Unidentified
332,Sep-2016,Caloocan,NPD,PS-1,1,0,,,,0.0,0.0,0.0,0.0,0.0,0.0,0.0,Unidentified
333,Sep-2016,Caloocan,NPD,PS-1,0,1,,,,0.0,1.0,1.0,1.0,0.0,0.0,0.0,Unidentified
334,Sep-2016,Caloocan,NPD,PS-1,1,0,,,,0.0,0.0,0.0,0.0,0.0,0.0,0.0,Unidentified
335,Sep-2016,Caloocan,NPD,PS-1,0,1,,,,0.0,0.0,0.0,0.0,1.0,0.0,0.0,Unidentified
336,Sep-2016,Caloocan,NPD,PS-1,1,0,,,,0.0,1.0,0.0,0.0,0.0,0.0,0.0,Unidentified
338,Sep-2016,Caloocan,NPD,PS-1,1,1,,,,0.0,1.0,1.0,1.0,1.0,0.0,0.0,Unidentified
339,Sep-2016,Caloocan,NPD,PS-1,1,0,,,,0.0,0.0,0.0,0.0,0.0,0.0,0.0,Unidentified
340,Sep-2016,Caloocan,NPD,PS-1,1,0,,,,1.0,0.0,0.0,0.0,0.0,0.0,0.0,Unidentified
341,Sep-2016,Caloocan,NPD,PS-1,1,0,,,,0.0,0.0,0.0,0.0,0.0,0.0,0.0,Unidentified
343,Sep-2016,Caloocan,NPD,PS-1,0,0,,,0.0,0.0,0.0,1.0,1.0,0.0,0.0,0.0,Unidentified
345,Sep-2016,Caloocan,NPD,PS-1,1,1,,,0.0,0.0,1.0,1.0,1.0,0.0,0.0,0.0,Unidentified
354,Sep-2016,Caloocan,NPD,PS-1,1,1,,,0.0,1.0,0.0,0.0,0.0,0.0,0.0,0.0,Unidentified
356,Sep-2016,Caloocan,NPD,PS-1,1,1,,,0.0,1.0,0.0,0.0,0.0,0.0,0.0,0.0,Unidentified
361,Sep-2016,Caloocan,NPD,PS-1,1,0,,,0.0,1.0,0.0,0.0,0.0,0.0,0.0,0.0,Unidentified
362,Sep-2016,Caloocan,NPD,PS-1,1,1,,,0.0,0.0,1.0,0.0,0.0,0.0,0.0,0.0,Unidentified
363,Sep-2016,Caloocan,NPD,PS-1,1,1,,,0.0,0.0,1.0,0.0,0.0,0.0,0.0,0.0,Unidentified
364,Sep-2016,Caloocan,NPD,PS-1,1,1,,,0.0,0.0,0.0,0.0,0.0,0.0,0.0,0.0,Unidentified
365,Sep-2016,Caloocan,NPD,PS-1,0,1,,,0.0,1.0,1.0,0.0,0.0,0.0,0.0,0.0,Unidentified
366,Sep-2016,Caloocan,NPD,PS-1,1,0,,,0.0,0.0,0.0,1.0,0.0,0.0,0.0,0.0,Unidentified
367,Sep-2016,Caloocan,NPD,PS-1,1,1,,,0.0,1.0,1.0,0.0,0.0,0.0,0.0,0.0,Unidentified
368,Sep-2016,Caloocan,NPD,PS-1,1,0,,,0.0,1.0,0.0,0.0,0.0,0.0,0.0,0.0,Unidentified
369,Sep-2016,Caloocan,NPD,PS-1,1,0,,,0.0,1.0,0.0,0.0,0.0,0.0,0.0,0.0,Unidentified
370,Sep-2016,Caloocan,NPD,PS-1,1,1,,,0.0,0.0,1.0,1.0,1.0,1.0,0.0,0.0,Unidentified
371,Sep-2016,Caloocan,NPD,PS-1,1,0,,,0.0,0.0,0.0,0.0,0.0,0.0,0.0,0.0,Unidentified
372,Sep-2016,Caloocan,NPD,PS-1,1,1,,,0.0,0.0,0.0,0.0,0.0,0.0,0.0,0.0,Unidentified
373,Sep-2016,Caloocan,NPD,PS-1,1,0,,,0.0,0.0,0.0,0.0,0.0,0.0,0.0,0.0,Unidentified
374,Sep-2016,Caloocan,NPD,PS-1,1,0,,,0.0,0.0,0.0,0.0,0.0,0.0,0.0,0.0,Unidentified
376,Sep-2016,Caloocan,NPD,PS-1,1,0,,,0.0,0.0,0.0,1.0,1.0,0.0,0.0,0.0,Unidentified
377,Sep-2016,Caloocan,NPD,PS-1,1,0,,,0.0,1.0,0.0,0.0,0.0,0.0,0.0,0.0,Unidentified
378,Sep-2016,Caloocan,NPD,PS-1,1,0,,,0.0,0.0,0.0,1.0,1.0,0.0,0.0,0.0,Unidentified
379,Sep-2016,Caloocan,NPD,PS-1,1,0,,,0.0,0.0,0.0,0.0,0.0,0.0,0.0,0.0,Unidentified
380,Sep-2016,Caloocan,NPD,PS-1,1,1,,,0.0,0.0,0.0,1.0,1.0,0.0,0.0,0.0,Unidentified
381,Sep-2016,Caloocan,NPD,PS-1,1,0,,,0.0,0.0,0.0,0.0,0.0,0.0,0.0,0.0,Unidentified
382,Sep-2016,Caloocan,NPD,PS-1,1,0,,,0.0,0.0,0.0,0.0,0.0,0.0,0.0,0.0,Unidentified
383,Sep-2016,Caloocan,NPD,PS-1,1,0,,,0.0,0.0,0.0,0.0,0.0,0.0,0.0,0.0,Unidentified
384,Sep-2016,Caloocan,NPD,PS-1,1,0,,,0.0,0.0,0.0,0.0,0.0,0.0,0.0,0.0,Unidentified
385,Sep-2016,Caloocan,NPD,PS-1,1,0,,,0.0,1.0,0.0,0.0,0.0,0.0,0.0,0.0,Unidentified
386,Sep-2016,Caloocan,NPD,PS-1,1,0,,,1.0,1.0,0.0,0.0,0.0,0.0,0.0,0.0,Unidentified
387,Sep-2016,Caloocan,NPD,PS-1,1,0,,,0.0,1.0,0.0,0.0,0.0,0.0,0.0,0.0,Unidentified
388,Sep-2016,Caloocan,NPD,PS-1,1,0,,,0.0,1.0,0.0,0.0,0.0,0.0,0.0,0.0,Unidentified
389,Sep-2016,Caloocan,NPD,PS-1,1,0,,,0.0,0.0,0.0,0.0,0.0,0.0,0.0,0.0,Unidentified
390,Sep-2016,Caloocan,NPD,PS-1,1,0,,,0.0,0.0,0.0,0.0,0.0,0.0,0.0,0.0,Unidentified
391,Sep-2016,Caloocan,NPD,PS-1,0,0,,,0.0,0.0,0.0,1.0,1.0,0.0,0.0,0.0,Unidentified
392,Sep-2016,Caloocan,NPD,PS-1,1,0,,,0.0,1.0,0.0,0.0,0.0,0.0,0.0,0.0,Unidentified
396,Oct-2016,Caloocan,NPD,PS-1,1,1,,,0.0,1.0,1.0,0.0,0.0,0.0,0.0,0.0,Unidentified
397,Oct-2016,Caloocan,NPD,PS-1,1,0,,,0.0,0.0,0.0,0.0,0.0,0.0,0.0,0.0,Unidentified
398,Oct-2016,Caloocan,NPD,PS-1,1,1,,,0.0,1.0,1.0,0.0,0.0,0.0,0.0,0.0,Unidentified
399,Oct-2016,Caloocan,NPD,PS-1,1,0,,,0.0,0.0,0.0,0.0,0.0,0.0,0.0,0.0,Unidentified
400,Oct-2016,Caloocan,NPD,PS-1,1,1,,,0.0,1.0,1.0,0.0,0.0,0.0,0.0,0.0,Unidentified
401,Oct-2016,Caloocan,NPD,PS-1,1,1,,,0.0,0.0,1.0,0.0,0.0,0.0,0.0,0.0,Unidentified
402,Oct-2016,Caloocan,NPD,PS-1,1,1,,,0.0,0.0,1.0,0.0,0.0,0.0,0.0,0.0,Unidentified
403,Oct-2016,Caloocan,NPD,PS-1,1,1,,,0.0,0.0,1.0,0.0,0.0,0.0,0.0,0.0,Unidentified
404,Oct-2016,Caloocan,NPD,PS-1,1,0,,,0.0,0.0,0.0,0.0,0.0,0.0,0.0,0.0,Unidentified
405,Oct-2016,Caloocan,NPD,PS-1,0,1,,,0.0,0.0,1.0,0.0,0.0,0.0,0.0,0.0,Unidentified
406,Oct-2016,Caloocan,NPD,PS-1,1,0,,,1.0,1.0,0.0,0.0,0.0,0.0,0.0,0.0,Unidentified
407,Oct-2016,Caloocan,NPD,PS-1,1,0,,1.0,0.0,1.0,0.0,0.0,0.0,0.0,0.0,0.0,Unidentified
408,Oct-2016,Caloocan,NPD,PS-1,1,0,,0.0,0.0,0.0,0.0,0.0,0.0,0.0,0.0,0.0,Unidentified
409,Oct-2016,Caloocan,NPD,PS-1,1,0,,0.0,1.0,1.0,0.0,0.0,0.0,0.0,0.0,0.0,Unidentified
410,Oct-2016,Caloocan,NPD,PS-1,1,0,,0.0,0.0,0.0,0.0,0.0,0.0,0.0,0.0,0.0,Unidentified
411,Oct-2016,Caloocan,NPD,PS-1,1,0,,0.0,0.0,0.0,0.0,0.0,0.0,0.0,0.0,0.0,Unidentified
413,Oct-2016,Caloocan,NPD,PS-1,1,0,,0.0,0.0,1.0,0.0,0.0,0.0,0.0,0.0,0.0,Unidentified
414,Oct-2016,Caloocan,NPD,PS-1,1,1,0.0,0.0,0.0,0.0,1.0,1.0,1.0,0.0,0.0,0.0,Unidentified
415,Oct-2016,Caloocan,NPD,PS-1,1,0,0.0,0.0,0.0,0.0,0.0,0.0,0.0,0.0,0.0,0.0,Unidentified
416,Oct-2016,Caloocan,NPD,PS-1,1,0,0.0,0.0,0.0,1.0,0.0,0.0,0.0,0.0,0.0,0.0,Unidentified
417,Oct-2016,Caloocan,NPD,PS-1,1,0,0.0,0.0,0.0,0.0,0.0,0.0,0.0,0.0,0.0,0.0,Unidentified
418,Oct-2016,Caloocan,NPD,PS-1,1,0,0.0,0.0,0.0,1.0,0.0,0.0,0.0,0.0,0.0,0.0,Unidentified
419,Oct-2016,Caloocan,NPD,PS-1,1,1,0.0,0.0,0.0,0.0,1.0,0.0,0.0,0.0,0.0,1.0,Unidentified
420,Oct-2016,Caloocan,NPD,PS-1,1,1,0.0,0.0,0.0,0.0,1.0,0.0,0.0,0.0,0.0,1.0,Unidentified
421,Oct-2016,Caloocan,NPD,PS-1,1,0,0.0,0.0,0.0,0.0,0.0,0.0,0.0,0.0,0.0,0.0,Unidentified
422,Oct-2016,Caloocan,NPD,PS-1,1,0,0.0,0.0,0.0,0.0,0.0,0.0,0.0,0.0,0.0,0.0,Unidentified
423,Oct-2016,Caloocan,NPD,PS-1,1,1,0.0,0.0,0.0,0.0,1.0,0.0,0.0,0.0,0.0,0.0,Unidentified
424,Oct-2016,Caloocan,NPD,PS-1,1,0,0.0,0.0,0.0,0.0,1.0,0.0,0.0,0.0,0.0,0.0,Unidentified
425,Oct-2016,Caloocan,NPD,PS-1,1,0,0.0,0.0,0.0,0.0,1.0,0.0,0.0,0.0,0.0,0.0,Unidentified
426,Oct-2016,Caloocan,NPD,PS-1,1,0,0.0,0.0,0.0,0.0,0.0,0.0,0.0,0.0,0.0,0.0,Unidentified
427,Oct-2016,Caloocan,NPD,PS-1,1,0,0.0,0.0,0.0,0.0,0.0,0.0,0.0,0.0,0.0,0.0,Unidentified
428,Oct-2016,Caloocan,NPD,PS-1,1,0,0.0,0.0,0.0,0.0,0.0,0.0,0.0,0.0,0.0,0.0,Unidentified
429,Oct-2016,Caloocan,NPD,PS-1,1,0,0.0,0.0,0.0,0.0,0.0,0.0,0.0,0.0,0.0,0.0,Unidentified
430,Oct-2016,Caloocan,NPD,PS-1,1,0,0.0,0.0,0.0,1.0,0.0,0.0,0.0,0.0,0.0,0.0,Unidentified
431,Oct-2016,Caloocan,NPD,PS-1,1,0,0.0,0.0,0.0,0.0,0.0,1.0,0.0,0.0,1.0,0.0,Unidentified
432,Oct-2016,Caloocan,NPD,PS-1,1,0,0.0,0.0,0.0,0.0,0.0,1.0,0.0,0.0,1.0,0.0,Unidentified
433,Oct-2016,Caloocan,NPD,PS-1,1,0,0.0,0.0,0.0,0.0,0.0,0.0,0.0,0.0,0.0,0.0,Unidentified
434,Oct-2016,Caloocan,NPD,PS-1,1,0,0.0,0.0,0.0,0.0,0.0,0.0,0.0,0.0,0.0,0.0,Unidentified
436,Oct-2016,Caloocan,NPD,PS-1,1,0,0.0,0.0,0.0,0.0,0.0,0.0,0.0,0.0,0.0,0.0,Unidentified
437,Oct-2016,Caloocan,NPD,PS-1,0,1,0.0,0.0,0.0,0.0,1.0,0.0,0.0,0.0,0.0,0.0,Unidentified
439,Oct-2016,Caloocan,NPD,PS-1,1,0,0.0,0.0,0.0,1.0,0.0,0.0,0.0,0.0,0.0,0.0,Unidentified
440,Oct-2016,Caloocan,NPD,PS-1,1,1,0.0,0.0,0.0,0.0,1.0,0.0,0.0,0.0,0.0,0.0,Unidentified
441,Oct-2016,Caloocan,NPD,PS-1,1,0,0.0,0.0,0.0,0.0,0.0,0.0,0.0,0.0,0.0,0.0,Unidentified
442,Oct-2016,Caloocan,NPD,PS-1,1,1,0.0,0.0,0.0,0.0,1.0,0.0,0.0,0.0,0.0,0.0,Unidentified
444,Oct-2016,Caloocan,NPD,PS-1,1,1,0.0,0.0,0.0,1.0,0.0,0.0,0.0,0.0,0.0,0.0,Unidentified
445,Oct-2016,Caloocan,NPD,PS-1,1,0,0.0,0.0,0.0,0.0,0.0,0.0,0.0,0.0,0.0,0.0,Unidentified
446,Oct-2016,Caloocan,NPD,PS-1,1,1,0.0,0.0,0.0,1.0,0.0,0.0,0.0,0.0,0.0,0.0,Unidentified
447,Oct-2016,Caloocan,NPD,PS-1,0,1,0.0,0.0,0.0,1.0,1.0,0.0,0.0,0.0,0.0,0.0,Unidentified
448,Oct-2016,Caloocan,NPD,PS-1,0,1,0.0,0.0,0.0,0.0,1.0,0.0,0.0,0.0,0.0,0.0,Unidentified
449,Oct-2016,Caloocan,NPD,PS-1,1,0,0.0,0.0,0.0,1.0,0.0,0.0,0.0,0.0,0.0,0.0,Unidentified
450,Oct-2016,Caloocan,NPD,PS-1,1,0,0.0,0.0,0.0,0.0,0.0,0.0,0.0,0.0,0.0,0.0,Unidentified
451,Oct-2016,Caloocan,NPD,PS-1,0,1,0.0,0.0,0.0,0.0,1.0,0.0,0.0,0.0,0.0,0.0,Unidentified
452,Oct-2016,Caloocan,NPD,PS-1,1,0,0.0,0.0,0.0,0.0,0.0,0.0,0.0,0.0,0.0,0.0,Unidentified
453,Oct-2016,Caloocan,NPD,PS-1,1,0,0.0,0.0,0.0,1.0,0.0,0.0,0.0,0.0,0.0,0.0,Unidentified
454,Oct-2016,Caloocan,NPD,PS-1,1,0,0.0,0.0,0.0,1.0,0.0,1.0,0.0,0.0,1.0,0.0,Unidentified
455,Oct-2016,Caloocan,NPD,PS-1,1,1,0.0,0.0,0.0,0.0,1.0,0.0,0.0,0.0,0.0,0.0,Unidentified
456,Oct-2016,Caloocan,NPD,PS-1,1,0,0.0,0.0,0.0,0.0,0.0,0.0,0.0,0.0,0.0,0.0,Unidentified
457,Oct-2016,Caloocan,NPD,PS-1,1,1,0.0,0.0,0.0,1.0,1.0,0.0,0.0,0.0,0.0,0.0,Unidentified
458,Oct-2016,Caloocan,NPD,PS-1,1,1,0.0,0.0,0.0,0.0,1.0,0.0,0.0,0.0,0.0,0.0,Unidentified
459,Oct-2016,Caloocan,NPD,PS-1,0,0,0.0,0.0,0.0,0.0,0.0,1.0,1.0,0.0,0.0,0.0,Unidentified
460,Oct-2016,Caloocan,NPD,PS-1,0,1,0.0,1.0,0.0,0.0,1.0,1.0,0.0,0.0,0.0,0.0,Unidentified
461,Oct-2016,Caloocan,NPD,PS-1,1,0,0.0,0.0,0.0,0.0,1.0,1.0,1.0,0.0,0.0,0.0,Unidentified
465,Oct-2016,Caloocan,NPD,PS-1,1,0,0.0,0.0,0.0,0.0,0.0,0.0,0.0,0.0,0.0,0.0,Unidentified
471,Oct-2016,Caloocan,NPD,PS-1,0,1,0.0,0.0,0.0,0.0,0.0,0.0,0.0,1.0,0.0,0.0,Unidentified
473,Oct-2016,Caloocan,NPD,PS-1,0,1,0.0,0.0,0.0,0.0,1.0,0.0,0.0,1.0,0.0,0.0,Unidentified
474,Oct-2016,Caloocan,NPD,PS-1,0,1,0.0,0.0,0.0,0.0,0.0,0.0,0.0,1.0,0.0,0.0,Unidentified
475,Oct-2016,Caloocan,NPD,PS-1,1,1,0.0,0.0,0.0,0.0,0.0,0.0,0.0,1.0,0.0,0.0,Unidentified
476,Oct-2016,Caloocan,NPD,PS-1,1,1,0.0,0.0,0.0,0.0,0.0,0.0,0.0,1.0,0.0,0.0,Unidentified
477,Oct-2016,Caloocan,NPD,PS-1,1,1,0.0,0.0,0.0,0.0,0.0,0.0,0.0,0.0,0.0,0.0,Unidentified
478,Oct-2016,Caloocan,NPD,PS-1,0,1,0.0,0.0,0.0,0.0,1.0,0.0,0.0,0.0,0.0,0.0,Unidentified
479,Oct-2016,Caloocan,NPD,PS-1,0,0,0.0,0.0,0.0,0.0,0.0,1.0,1.0,0.0,0.0,0.0,Unidentified
480,Oct-2016,Caloocan,NPD,PS-1,0,0,0.0,0.0,0.0,0.0,0.0,1.0,1.0,0.0,0.0,0.0,Unidentified
484,Oct-2016,Caloocan,NPD,PS-1,1,0,0.0,0.0,0.0,1.0,0.0,0.0,0.0,0.0,0.0,0.0,Unidentified
485,Oct-2016,Caloocan,NPD,PS-1,1,1,0.0,0.0,0.0,0.0,1.0,0.0,0.0,1.0,0.0,0.0,Unidentified
486,Oct-2016,Caloocan,NPD,PS-1,1,1,0.0,0.0,0.0,0.0,1.0,0.0,0.0,1.0,0.0,0.0,Unidentified
488,Oct-2016,Caloocan,NPD,PS-1,1,0,0.0,0.0,0.0,0.0,0.0,0.0,0.0,0.0,0.0,0.0,Unidentified
492,Nov-2016,Caloocan,NPD,PS-1,1,0,0.0,0.0,0.0,0.0,0.0,0.0,0.0,0.0,0.0,0.0,Unidentified
493,Nov-2016,Caloocan,NPD,PS-1,1,0,0.0,0.0,0.0,1.0,0.0,0.0,0.0,0.0,0.0,0.0,Unidentified
494,Nov-2016,Caloocan,NPD,PS-1,1,0,0.0,0.0,0.0,0.0,0.0,0.0,0.0,0.0,0.0,0.0,Unidentified
495,Nov-2016,Caloocan,NPD,PS-1,1,0,0.0,0.0,1.0,0.0,0.0,0.0,0.0,0.0,0.0,0.0,Unidentified
496,Nov-2016,Caloocan,NPD,PS-1,1,0,0.0,0.0,1.0,1.0,0.0,0.0,0.0,0.0,0.0,0.0,Unidentified
497,Nov-2016,Caloocan,NPD,PS-1,1,1,0.0,0.0,0.0,0.0,0.0,0.0,0.0,1.0,0.0,0.0,Unidentified
498,Nov-2016,Caloocan,NPD,PS-1,1,0,0.0,0.0,0.0,0.0,0.0,0.0,0.0,0.0,0.0,0.0,Unidentified
499,Nov-2016,Caloocan,NPD,PS-1,1,1,0.0,0.0,1.0,1.0,1.0,0.0,0.0,1.0,0.0,0.0,Unidentified
500,Nov-2016,Caloocan,NPD,PS-1,1,0,0.0,0.0,0.0,0.0,0.0,0.0,0.0,0.0,0.0,0.0,Unidentified
501,Nov-2016,Caloocan,NPD,PS-1,1,0,0.0,0.0,0.0,1.0,0.0,0.0,0.0,0.0,0.0,0.0,Unidentified
502,Nov-2016,Caloocan,NPD,PS-1,1,0,0.0,0.0,0.0,1.0,0.0,0.0,0.0,0.0,0.0,0.0,Unidentified
503,Nov-2016,Caloocan,NPD,PS-1,1,0,0.0,0.0,0.0,0.0,0.0,0.0,0.0,0.0,0.0,0.0,Unidentified
504,Nov-2016,Caloocan,NPD,PS-1,1,0,0.0,0.0,0.0,0.0,0.0,0.0,0.0,0.0,0.0,0.0,Unidentified
505,Nov-2016,Caloocan,NPD,PS-1,1,0,0.0,0.0,0.0,1.0,0.0,0.0,0.0,0.0,0.0,0.0,Unidentified
506,Nov-2016,Caloocan,NPD,PS-1,1,1,0.0,0.0,0.0,0.0,0.0,0.0,0.0,1.0,0.0,0.0,Unidentified
507,Nov-2016,Caloocan,NPD,PS-1,1,0,0.0,0.0,0.0,1.0,0.0,0.0,0.0,0.0,0.0,0.0,Unidentified
508,Nov-2016,Caloocan,NPD,PS-1,0,1,0.0,0.0,0.0,1.0,1.0,0.0,0.0,1.0,0.0,0.0,Unidentified
509,Nov-2016,Caloocan,NPD,PS-1,1,0,0.0,0.0,0.0,0.0,0.0,0.0,0.0,0.0,0.0,0.0,Unidentified
510,Nov-2016,Caloocan,NPD,PS-1,0,1,0.0,0.0,0.0,0.0,0.0,0.0,0.0,1.0,0.0,0.0,Unidentified
511,Nov-2016,Caloocan,NPD,PS-1,0,1,0.0,0.0,0.0,0.0,0.0,0.0,0.0,1.0,0.0,0.0,Unidentified
512,Nov-2016,Caloocan,NPD,PS-1,1,0,0.0,0.0,0.0,1.0,0.0,0.0,0.0,0.0,0.0,0.0,Unidentified
513,Nov-2016,Caloocan,NPD,PS-1,1,0,0.0,0.0,0.0,0.0,0.0,0.0,0.0,0.0,0.0,0.0,Unidentified
514,Nov-2016,Caloocan,NPD,PS-1,1,0,0.0,0.0,0.0,0.0,0.0,0.0,0.0,0.0,0.0,0.0,Unidentified
516,Nov-2016,Caloocan,NPD,PS-1,1,0,0.0,0.0,0.0,1.0,0.0,0.0,0.0,0.0,0.0,0.0,Unidentified
517,Nov-2016,Caloocan,NPD,PS-1,1,0,0.0,0.0,1.0,0.0,0.0,0.0,0.0,0.0,0.0,0.0,Unidentified
518,Nov-2016,Caloocan,NPD,PS-1,1,0,0.0,0.0,0.0,0.0,0.0,0.0,0.0,0.0,0.0,0.0,Unidentified
519,Nov-2016,Caloocan,NPD,PS-1,1,0,0.0,0.0,0.0,1.0,0.0,0.0,0.0,0.0,0.0,0.0,Unidentified
520,Nov-2016,Caloocan,NPD,PS-1,1,0,0.0,0.0,0.0,1.0,0.0,0.0,0.0,0.0,0.0,0.0,Unidentified
521,Nov-2016,Caloocan,NPD,PS-1,1,0,0.0,0.0,0.0,0.0,0.0,0.0,0.0,0.0,0.0,0.0,Unidentified
522,Nov-2016,Caloocan,NPD,PS-1,1,0,0.0,0.0,0.0,0.0,0.0,0.0,0.0,0.0,0.0,0.0,Unidentified
523,Nov-2016,Caloocan,NPD,PS-1,1,0,0.0,0.0,0.0,0.0,0.0,0.0,0.0,0.0,0.0,0.0,Unidentified
524,Nov-2016,Caloocan,NPD,PS-1,1,0,0.0,0.0,0.0,0.0,0.0,0.0,0.0,0.0,0.0,0.0,Unidentified
526,Nov-2016,Caloocan,NPD,PS-1,1,0,0.0,0.0,0.0,0.0,0.0,0.0,0.0,0.0,0.0,0.0,Unidentified
527,Nov-2016,Caloocan,NPD,PS-1,1,0,0.0,0.0,0.0,0.0,0.0,0.0,0.0,0.0,0.0,0.0,Unidentified
528,Nov-2016,Caloocan,NPD,PS-1,1,0,0.0,0.0,0.0,0.0,0.0,0.0,0.0,0.0,0.0,0.0,Unidentified
529,Nov-2016,Caloocan,NPD,PS-1,1,0,0.0,0.0,0.0,0.0,0.0,0.0,0.0,0.0,0.0,0.0,Unidentified
532,Nov-2016,Caloocan,NPD,PS-1,1,0,0.0,0.0,0.0,0.0,0.0,1.0,1.0,0.0,0.0,0.0,Unidentified
534,Nov-2016,Caloocan,NPD,PS-1,1,0,0.0,0.0,0.0,0.0,0.0,0.0,0.0,0.0,0.0,0.0,Unidentified
535,Nov-2016,Caloocan,NPD,PS-1,1,1,0.0,0.0,0.0,0.0,1.0,0.0,0.0,0.0,0.0,0.0,Unidentified
536,Nov-2016,Caloocan,NPD,PS-1,1,0,0.0,0.0,0.0,1.0,0.0,0.0,0.0,0.0,0.0,0.0,Unidentified
537,Nov-2016,Caloocan,NPD,PS-1,1,0,0.0,0.0,0.0,0.0,0.0,0.0,0.0,0.0,0.0,0.0,Unidentified
538,Nov-2016,Caloocan,NPD,PS-1,1,1,0.0,0.0,0.0,0.0,1.0,1.0,1.0,1.0,0.0,0.0,Unidentified
539,Nov-2016,Caloocan,NPD,PS-1,1,0,0.0,0.0,0.0,0.0,0.0,0.0,0.0,0.0,0.0,0.0,Unidentified
540,Nov-2016,Caloocan,NPD,PS-1,1,0,0.0,0.0,0.0,1.0,0.0,0.0,0.0,0.0,0.0,0.0,Unidentified
541,Nov-2016,Caloocan,NPD,PS-1,1,0,0.0,0.0,0.0,0.0,0.0,0.0,0.0,0.0,0.0,0.0,Unidentified
542,Nov-2016,Caloocan,NPD,PS-1,1,0,0.0,0.0,0.0,0.0,0.0,0.0,0.0,0.0,0.0,0.0,Unidentified
543,Nov-2016,Caloocan,NPD,PS-1,1,0,0.0,0.0,0.0,0.0,0.0,0.0,0.0,0.0,0.0,0.0,Unidentified
544,Nov-2016,Caloocan,NPD,PS-1,1,1,0.0,0.0,0.0,0.0,1.0,0.0,0.0,1.0,0.0,0.0,Unidentified
545,Nov-2016,Caloocan,NPD,PS-1,1,0,0.0,0.0,0.0,0.0,0.0,0.0,0.0,0.0,0.0,0.0,Unidentified
546,Nov-2016,Caloocan,NPD,PS-1,1,0,0.0,0.0,0.0,0.0,0.0,0.0,0.0,0.0,0.0,0.0,Unidentified
547,Nov-2016,Caloocan,NPD,PS-1,0,1,0.0,0.0,0.0,0.0,1.0,0.0,0.0,0.0,0.0,0.0,Unidentified
548,Nov-2016,Caloocan,NPD,PS-1,1,0,0.0,0.0,0.0,1.0,0.0,0.0,0.0,0.0,0.0,0.0,Unidentified
549,Nov-2016,Caloocan,NPD,PS-1,1,0,0.0,0.0,0.0,0.0,0.0,0.0,0.0,0.0,0.0,0.0,Unidentified
550,Nov-2016,Caloocan,NPD,PS-1,1,1,0.0,0.0,0.0,0.0,1.0,0.0,0.0,0.0,0.0,0.0,Unidentified
551,Nov-2016,Caloocan,NPD,PS-1,1,1,0.0,0.0,0.0,0.0,1.0,1.0,1.0,0.0,0.0,0.0,Unidentified
554,Nov-2016,Caloocan,NPD,PS-1,1,0,0.0,0.0,0.0,0.0,0.0,0.0,0.0,0.0,0.0,0.0,Unidentified
555,Nov-2016,Caloocan,NPD,PS-1,1,0,0.0,0.0,0.0,0.0,0.0,0.0,0.0,0.0,0.0,0.0,Unidentified
556,Nov-2016,Caloocan,NPD,PS-1,1,1,0.0,0.0,0.0,1.0,1.0,0.0,0.0,0.0,0.0,0.0,Unidentified
558,Nov-2016,Caloocan,NPD,PS-1,0,1,0.0,0.0,0.0,0.0,1.0,0.0,0.0,0.0,0.0,0.0,Unidentified
559,Nov-2016,Caloocan,NPD,PS-1,1,0,0.0,0.0,0.0,0.0,0.0,0.0,0.0,0.0,0.0,0.0,Unidentified
560,Nov-2016,Caloocan,NPD,PS-1,1,0,0.0,0.0,0.0,0.0,0.0,0.0,0.0,0.0,0.0,0.0,Unidentified
561,Nov-2016,Caloocan,NPD,PS-1,1,0,0.0,0.0,0.0,0.0,0.0,0.0,0.0,0.0,0.0,0.0,Unidentified
562,Nov-2016,Caloocan,NPD,PS-1,1,0,0.0,0.0,0.0,0.0,0.0,0.0,0.0,0.0,0.0,0.0,Unidentified
563,Nov-2016,Caloocan,NPD,PS-1,1,0,0.0,0.0,0.0,0.0,0.0,1.0,0.0,0.0,1.0,0.0,Unidentified
564,Dec-2016,Caloocan,NPD,PS-1,0,1,0.0,0.0,0.0,0.0,1.0,0.0,0.0,0.0,0.0,0.0,Unidentified
565,Dec-2016,Caloocan,NPD,PS-1,1,0,0.0,0.0,0.0,0.0,0.0,1.0,1.0,0.0,0.0,0.0,Unidentified
566,Dec-2016,Caloocan,NPD,PS-1,1,0,0.0,0.0,0.0,0.0,0.0,0.0,0.0,0.0,0.0,0.0,Unidentified
569,Dec-2016,Caloocan,NPD,PS-1,0,0,0.0,0.0,0.0,0.0,0.0,1.0,1.0,0.0,0.0,0.0,Unidentified
570,Dec-2016,Caloocan,NPD,PS-1,1,0,0.0,0.0,0.0,0.0,0.0,0.0,0.0,0.0,0.0,0.0,Unidentified
571,Dec-2016,Caloocan,NPD,PS-1,1,0,0.0,0.0,0.0,0.0,0.0,0.0,0.0,0.0,0.0,0.0,Unidentified
572,Dec-2016,Caloocan,NPD,PS-1,1,0,0.0,0.0,0.0,0.0,0.0,0.0,0.0,0.0,0.0,0.0,Unidentified
574,Dec-2016,Caloocan,NPD,PS-1,1,0,0.0,0.0,0.0,1.0,0.0,0.0,0.0,0.0,0.0,0.0,Unidentified
575,Dec-2016,Caloocan,NPD,PS-1,1,0,0.0,0.0,0.0,0.0,0.0,0.0,0.0,0.0,0.0,0.0,Unidentified
576,Dec-2016,Caloocan,NPD,PS-1,0,1,0.0,0.0,0.0,0.0,1.0,1.0,1.0,0.0,0.0,0.0,Unidentified
577,Dec-2016,Caloocan,NPD,PS-1,1,0,0.0,0.0,0.0,0.0,0.0,0.0,0.0,0.0,0.0,0.0,Unidentified
580,Dec-2016,Caloocan,NPD,PS-1,0,1,0.0,0.0,0.0,0.0,1.0,0.0,0.0,0.0,0.0,0.0,Unidentified
585,Dec-2016,Caloocan,NPD,PS-1,1,0,0.0,0.0,0.0,1.0,0.0,0.0,0.0,0.0,0.0,0.0,Unidentified
587,Dec-2016,Caloocan,NPD,PS-1,1,0,0.0,0.0,0.0,0.0,0.0,0.0,0.0,0.0,0.0,0.0,Unidentified
588,Dec-2016,Caloocan,NPD,PS-1,1,0,0.0,0.0,0.0,0.0,0.0,0.0,0.0,0.0,0.0,0.0,Unidentified
589,Dec-2016,Caloocan,NPD,PS-1,1,0,0.0,0.0,0.0,0.0,0.0,0.0,0.0,0.0,0.0,0.0,Unidentified
590,Dec-2016,Caloocan,NPD,PS-1,1,0,0.0,0.0,0.0,0.0,0.0,0.0,0.0,0.0,0.0,0.0,Unidentified
591,Dec-2016,Caloocan,NPD,PS-1,1,0,0.0,0.0,0.0,0.0,0.0,0.0,0.0,0.0,0.0,0.0,Unidentified
592,Dec-2016,Caloocan,NPD,PS-1,0,0,0.0,0.0,0.0,0.0,0.0,1.0,1.0,0.0,0.0,0.0,Unidentified
593,Dec-2016,Caloocan,NPD,PS-1,1,0,0.0,0.0,0.0,0.0,0.0,0.0,0.0,0.0,0.0,0.0,Unidentified
594,Dec-2016,Caloocan,NPD,PS-1,1,0,0.0,0.0,0.0,0.0,0.0,0.0,0.0,0.0,0.0,0.0,Unidentified
595,Dec-2016,Caloocan,NPD,PS-1,1,1,0.0,0.0,0.0,0.0,1.0,0.0,0.0,0.0,0.0,0.0,Unidentified
596,Dec-2016,Caloocan,NPD,PS-1,0,0,0.0,0.0,0.0,0.0,0.0,1.0,1.0,0.0,0.0,0.0,Unidentified
597,Dec-2016,Caloocan,NPD,PS-1,1,1,0.0,0.0,0.0,0.0,1.0,1.0,1.0,0.0,0.0,0.0,Unidentified
598,Dec-2016,Caloocan,NPD,PS-1,0,0,0.0,0.0,0.0,0.0,0.0,1.0,1.0,0.0,0.0,0.0,Unidentified
600,Dec-2016,Caloocan,NPD,PS-1,1,1,0.0,0.0,1.0,1.0,1.0,0.0,0.0,1.0,0.0,1.0,Unidentified
601,Dec-2016,Caloocan,NPD,PS-1,1,1,0.0,0.0,1.0,1.0,1.0,0.0,0.0,1.0,0.0,0.0,Unidentified
602,Dec-2016,Caloocan,NPD,PS-1,1,1,0.0,0.0,1.0,1.0,1.0,0.0,0.0,1.0,0.0,1.0,Unidentified
603,Dec-2016,Caloocan,NPD,PS-1,1,1,0.0,0.0,1.0,1.0,1.0,0.0,0.0,1.0,0.0,0.0,Unidentified
604,Dec-2016,Caloocan,NPD,PS-1,1,1,0.0,0.0,1.0,1.0,1.0,0.0,0.0,1.0,0.0,1.0,Unidentified
605,Dec-2016,Caloocan,NPD,PS-1,1,1,0.0,0.0,1.0,1.0,1.0,0.0,0.0,1.0,0.0,1.0,Unidentified
606,Dec-2016,Caloocan,NPD,PS-1,0,0,0.0,0.0,1.0,0.0,0.0,1.0,1.0,0.0,0.0,0.0,Unidentified
607,Dec-2016,Caloocan,NPD,PS-1,0,1,0.0,0.0,0.0,0.0,1.0,1.0,1.0,0.0,0.0,0.0,Unidentified
608,Dec-2016,Caloocan,NPD,PS-1,1,0,0.0,0.0,0.0,0.0,0.0,1.0,1.0,0.0,0.0,0.0,Unidentified
609,Dec-2016,Caloocan,NPD,PS-1,0,0,0.0,0.0,0.0,0.0,0.0,1.0,1.0,0.0,0.0,0.0,Unidentified
610,Jan-2017,Caloocan,NPD,PS-1,0,1,0.0,0.0,0.0,0.0,0.0,1.0,,0.0,0.0,0.0,Unidentified
611,Jan-2017,Caloocan,NPD,PS-1,1,1,0.0,0.0,0.0,1.0,1.0,0.0,,0.0,0.0,0.0,Unidentified
612,Jan-2017,Caloocan,NPD,PS-1,1,1,0.0,0.0,1.0,1.0,1.0,1.0,,1.0,0.0,0.0,Unidentified
613,Jan-2017,Caloocan,NPD,PS-1,1,1,0.0,0.0,0.0,1.0,0.0,0.0,,1.0,0.0,0.0,Unidentified
615,Jan-2017,Caloocan,NPD,PS-1,1,1,0.0,0.0,0.0,0.0,1.0,0.0,,0.0,0.0,0.0,Unidentified
623,Jan-2017,Caloocan,NPD,PS-1,1,0,0.0,0.0,0.0,0.0,0.0,1.0,,0.0,0.0,0.0,Unidentified
624,Jan-2017,Caloocan,NPD,PS-1,0,0,0.0,0.0,0.0,0.0,0.0,1.0,,0.0,0.0,0.0,Unidentified
626,Jan-2017,Caloocan,NPD,PS-1,1,1,0.0,0.0,0.0,0.0,1.0,0.0,,0.0,0.0,0.0,Unidentified
629,Jan-2017,Caloocan,NPD,PS-1,1,0,0.0,0.0,0.0,1.0,0.0,0.0,,0.0,0.0,0.0,Unidentified
631,Jan-2017,Caloocan,NPD,PS-1,0,1,0.0,0.0,0.0,0.0,0.0,1.0,,0.0,0.0,0.0,Unidentified
632,Jan-2017,Caloocan,NPD,PS-1,0,0,0.0,0.0,0.0,0.0,0.0,1.0,,0.0,0.0,0.0,Unidentified
633,Feb-2017,Caloocan,NPD,PS-1,0,1,0.0,0.0,0.0,0.0,1.0,1.0,,0.0,0.0,0.0,Unidentified
634,Feb-2017,Caloocan,NPD,PS-1,0,1,0.0,0.0,0.0,0.0,1.0,1.0,,0.0,0.0,0.0,Unidentified
635,Feb-2017,Caloocan,NPD,PS-1,0,1,0.0,0.0,0.0,0.0,1.0,0.0,,1.0,0.0,0.0,Unidentified
636,Feb-2017,Caloocan,NPD,PS-1,0,1,0.0,0.0,0.0,1.0,1.0,0.0,,0.0,0.0,0.0,Unidentified
637,Feb-2017,Caloocan,NPD,PS-1,0,0,0.0,0.0,0.0,0.0,1.0,0.0,,0.0,0.0,0.0,Unidentified
638,Feb-2017,Caloocan,NPD,PS-1,0,1,0.0,0.0,0.0,0.0,1.0,0.0,,0.0,0.0,0.0,Unidentified
639,Feb-2017,Caloocan,NPD,PS-1,0,0,0.0,0.0,0.0,0.0,1.0,1.0,,1.0,0.0,0.0,Unidentified
640,Feb-2017,Caloocan,NPD,PS-1,0,0,0.0,0.0,1.0,0.0,0.0,0.0,,0.0,0.0,0.0,Unidentified
641,Feb-2017,Caloocan,NPD,PS-1,0,1,0.0,0.0,0.0,0.0,0.0,1.0,,0.0,0.0,0.0,Unidentified
642,Feb-2017,Caloocan,NPD,PS-1,1,0,0.0,0.0,0.0,0.0,0.0,0.0,,0.0,0.0,0.0,Unidentified
643,Feb-2017,Caloocan,NPD,PS-1,1,0,0.0,0.0,0.0,0.0,0.0,0.0,,0.0,0.0,0.0,Unidentified
644,Feb-2017,Caloocan,NPD,PS-1,1,0,0.0,0.0,0.0,0.0,0.0,0.0,,0.0,0.0,0.0,Unidentified
645,Feb-2017,Caloocan,NPD,PS-1,1,0,0.0,0.0,0.0,0.0,0.0,0.0,,0.0,0.0,0.0,Unidentified
646,Feb-2017,Caloocan,NPD,PS-1,1,1,0.0,0.0,0.0,1.0,1.0,0.0,,0.0,0.0,0.0,Unidentified
647,Mar-2017,Caloocan,NPD,PS-1,1,0,0.0,0.0,0.0,1.0,0.0,0.0,,0.0,0.0,0.0,Unidentified
648,Mar-2017,Caloocan,NPD,PS-1,1,0,0.0,0.0,1.0,1.0,0.0,0.0,,0.0,0.0,0.0,Unidentified
649,Mar-2017,Caloocan,NPD,PS-1,1,0,0.0,0.0,0.0,0.0,0.0,0.0,,0.0,0.0,0.0,Unidentified
650,Mar-2017,Caloocan,NPD,PS-1,1,0,0.0,0.0,0.0,0.0,0.0,0.0,,0.0,0.0,0.0,Unidentified
651,Mar-2017,Caloocan,NPD,PS-1,1,1,0.0,0.0,0.0,1.0,0.0,0.0,,0.0,0.0,0.0,Unidentified
652,Mar-2017,Caloocan,NPD,PS-1,1,0,0.0,0.0,0.0,0.0,0.0,0.0,,0.0,0.0,0.0,Unidentified
653,Mar-2017,Caloocan,NPD,PS-1,1,0,0.0,0.0,0.0,0.0,0.0,0.0,,0.0,0.0,0.0,Unidentified
654,Mar-2017,Caloocan,NPD,PS-1,0,1,0.0,0.0,0.0,0.0,1.0,0.0,,0.0,0.0,0.0,Unidentified
655,Mar-2017,Caloocan,NPD,PS-1,1,0,0.0,0.0,0.0,0.0,0.0,0.0,,0.0,0.0,0.0,Unidentified
656,Mar-2017,Caloocan,NPD,PS-1,1,0,0.0,0.0,0.0,0.0,0.0,0.0,,0.0,0.0,0.0,Unidentified
657,Mar-2017,Caloocan,NPD,PS-1,1,1,0.0,0.0,0.0,0.0,0.0,0.0,,0.0,0.0,0.0,Unidentified
659,Mar-2017,Caloocan,NPD,PS-1,1,1,0.0,0.0,0.0,1.0,1.0,0.0,,0.0,0.0,0.0,Unidentified
660,Mar-2017,Caloocan,NPD,PS-1,1,1,0.0,0.0,0.0,1.0,1.0,0.0,,0.0,0.0,0.0,Unidentified
661,Mar-2017,Caloocan,NPD,PS-1,1,1,0.0,0.0,0.0,0.0,1.0,1.0,,0.0,0.0,0.0,Unidentified
662,Mar-2017,Caloocan,NPD,PS-1,1,1,0.0,0.0,0.0,0.0,1.0,0.0,,0.0,0.0,0.0,Unidentified
663,Mar-2017,Caloocan,NPD,PS-1,1,0,0.0,0.0,0.0,0.0,1.0,1.0,,0.0,0.0,0.0,Unidentified
664,Mar-2017,Caloocan,NPD,PS-1,1,1,0.0,0.0,0.0,1.0,1.0,0.0,,0.0,0.0,0.0,Unidentified
665,Mar-2017,Caloocan,NPD,PS-1,0,0,0.0,0.0,0.0,0.0,1.0,0.0,,1.0,0.0,0.0,Unidentified
666,Mar-2017,Caloocan,NPD,PS-1,1,0,0.0,0.0,0.0,0.0,0.0,0.0,,0.0,0.0,0.0,Unidentified
667,Mar-2017,Caloocan,NPD,PS-1,1,1,0.0,0.0,1.0,1.0,0.0,0.0,,0.0,0.0,0.0,Unidentified
668,Mar-2017,Caloocan,NPD,PS-1,1,1,0.0,0.0,1.0,1.0,0.0,0.0,,0.0,0.0,0.0,Unidentified
669,Mar-2017,Caloocan,NPD,PS-1,0,1,0.0,0.0,0.0,0.0,1.0,1.0,,0.0,0.0,0.0,Unidentified
670,Mar-2017,Caloocan,NPD,PS-1,1,0,0.0,0.0,0.0,0.0,0.0,0.0,,0.0,0.0,0.0,Unidentified
671,Mar-2017,Caloocan,NPD,PS-1,1,1,0.0,0.0,0.0,1.0,0.0,0.0,,0.0,0.0,0.0,Unidentified
672,Mar-2017,Caloocan,NPD,PS-1,0,1,0.0,0.0,1.0,1.0,1.0,0.0,,0.0,0.0,0.0,Unidentified
673,Mar-2017,Caloocan,NPD,PS-1,0,0,0.0,0.0,1.0,0.0,0.0,0.0,,0.0,0.0,0.0,Unidentified
674,Mar-2017,Caloocan,NPD,PS-1,1,0,0.0,0.0,0.0,1.0,0.0,0.0,,0.0,0.0,0.0,Unidentified
675,Mar-2017,Caloocan,NPD,PS-1,1,0,0.0,0.0,0.0,0.0,0.0,0.0,,0.0,0.0,0.0,Unidentified
676,Apr-2017,Caloocan,NPD,PS-1,0,0,0.0,0.0,0.0,0.0,0.0,1.0,,0.0,0.0,0.0,Unidentified
678,Apr-2017,Caloocan,NPD,PS-1,1,0,0.0,0.0,0.0,1.0,0.0,0.0,,0.0,0.0,0.0,Unidentified
679,Apr-2017,Caloocan,NPD,PS-1,1,0,0.0,0.0,0.0,0.0,0.0,0.0,,0.0,0.0,0.0,Unidentified
680,Apr-2017,Caloocan,NPD,PS-1,0,1,0.0,0.0,0.0,0.0,1.0,0.0,,0.0,0.0,0.0,Unidentified
681,Apr-2017,Caloocan,NPD,PS-1,0,1,0.0,0.0,0.0,0.0,1.0,0.0,,0.0,0.0,0.0,Unidentified
686,Apr-2017,Caloocan,NPD,PS-1,0,0,0.0,0.0,0.0,0.0,0.0,1.0,,1.0,0.0,0.0,Unidentified
687,Apr-2017,Caloocan,NPD,PS-1,0,0,0.0,0.0,0.0,0.0,1.0,1.0,,0.0,0.0,0.0,Unidentified
689,Apr-2017,Caloocan,NPD,PS-1,0,0,0.0,0.0,0.0,0.0,0.0,1.0,,0.0,0.0,0.0,Unidentified
695,May-2017,Caloocan,NPD,PS-1,0,0,0.0,0.0,0.0,0.0,1.0,0.0,,0.0,0.0,0.0,Unidentified
700,May-2017,Caloocan,NPD,PS-1,0,1,0.0,0.0,0.0,0.0,1.0,0.0,,0.0,0.0,0.0,Unidentified
703,May-2017,Caloocan,NPD,PS-1,0,0,1.0,0.0,0.0,0.0,0.0,1.0,,1.0,0.0,0.0,Unidentified
704,May-2017,Caloocan,NPD,PS-1,1,0,1.0,0.0,0.0,0.0,0.0,0.0,,1.0,0.0,0.0,Unidentified
705,May-2017,Caloocan,NPD,PS-1,0,0,1.0,0.0,0.0,0.0,0.0,1.0,,1.0,0.0,0.0,Unidentified
706,May-2017,Caloocan,NPD,PS-1,0,0,1.0,0.0,0.0,0.0,0.0,0.0,,1.0,0.0,0.0,Unidentified
708,May-2017,Caloocan,NPD,PS-1,0,0,1.0,0.0,0.0,0.0,0.0,1.0,,1.0,0.0,0.0,Unidentified
709,May-2017,Caloocan,NPD,PS-1,1,0,0.0,0.0,0.0,0.0,0.0,0.0,,0.0,0.0,0.0,Unidentified
710,May-2017,Caloocan,NPD,PS-1,1,0,1.0,0.0,0.0,0.0,0.0,1.0,,1.0,0.0,0.0,Unidentified
711,May-2017,Caloocan,NPD,PS-1,1,1,0.0,0.0,0.0,0.0,0.0,0.0,,0.0,0.0,0.0,Unidentified
712,Jun-2017,Caloocan,NPD,PS-1,0,0,0.0,0.0,0.0,0.0,1.0,0.0,,0.0,0.0,0.0,Unidentified
713,Jun-2017,Caloocan,NPD,PS-1,0,0,0.0,0.0,0.0,0.0,1.0,0.0,,1.0,0.0,0.0,Unidentified
714,Jun-2017,Caloocan,NPD,PS-1,1,0,1.0,0.0,0.0,0.0,1.0,0.0,,1.0,0.0,0.0,Unidentified
715,Jun-2017,Caloocan,NPD,PS-1,1,0,0.0,0.0,0.0,0.0,0.0,0.0,,0.0,0.0,0.0,Unidentified
716,Jun-2017,Caloocan,NPD,PS-1,1,0,1.0,0.0,0.0,0.0,1.0,1.0,,1.0,0.0,0.0,Unidentified
717,Jun-2017,Caloocan,NPD,PS-1,1,1,0.0,0.0,0.0,0.0,0.0,0.0,,0.0,0.0,0.0,Unidentified
718,Jun-2017,Caloocan,NPD,PS-1,0,0,1.0,0.0,0.0,0.0,1.0,0.0,,1.0,0.0,0.0,Unidentified
719,Jun-2017,Caloocan,NPD,PS-1,1,0,0.0,0.0,0.0,0.0,0.0,0.0,,0.0,0.0,0.0,Unidentified
720,Jun-2017,Caloocan,NPD,PS-1,1,0,0.0,0.0,0.0,0.0,0.0,0.0,,0.0,0.0,0.0,Unidentified
721,Jun-2017,Caloocan,NPD,PS-1,1,0,0.0,0.0,0.0,0.0,0.0,0.0,,0.0,0.0,0.0,Unidentified
722,Jun-2017,Caloocan,NPD,PS-1,1,0,0.0,0.0,0.0,1.0,0.0,0.0,,0.0,0.0,0.0,Unidentified
724,Jun-2017,Caloocan,NPD,PS-1,1,0,0.0,0.0,0.0,0.0,0.0,0.0,,0.0,0.0,0.0,Unidentified
725,Jun-2017,Caloocan,NPD,PS-1,0,0,1.0,0.0,0.0,0.0,1.0,1.0,,1.0,0.0,0.0,Unidentified
726,Jun-2017,Caloocan,NPD,PS-1,0,1,1.0,0.0,0.0,0.0,1.0,1.0,,1.0,0.0,0.0,Unidentified
727,Jun-2017,Caloocan,NPD,PS-1,0,0,0.0,0.0,0.0,0.0,1.0,0.0,,0.0,0.0,0.0,Unidentified
728,Jun-2017,Caloocan,NPD,PS-1,0,0,1.0,0.0,0.0,0.0,1.0,0.0,,1.0,0.0,0.0,Unidentified
729,Jun-2017,Caloocan,NPD,PS-1,1,0,0.0,0.0,0.0,0.0,0.0,0.0,,0.0,0.0,0.0,Unidentified
738,Jun-2017,Caloocan,NPD,PS-1,1,1,0.0,0.0,0.0,1.0,1.0,0.0,,1.0,0.0,0.0,Unidentified
740,Jun-2017,Caloocan,NPD,PS-1,0,0,1.0,0.0,0.0,0.0,1.0,1.0,,1.0,0.0,0.0,Unidentified
743,Jul-2017,Caloocan,NPD,PS-1,0,1,0.0,0.0,0.0,0.0,1.0,0.0,,1.0,0.0,0.0,Unidentified
757,Jul-2017,Caloocan,NPD,PS-1,0,0,1.0,0.0,0.0,0.0,1.0,0.0,,1.0,0.0,0.0,Unidentified
758,Jul-2017,Caloocan,NPD,PS-1,0,0,1.0,0.0,0.0,0.0,1.0,0.0,,1.0,0.0,0.0,Unidentified
771,Aug-2017,Caloocan,NPD,PS-1,0,1,0.0,0.0,,0.0,0.0,0.0,,0.0,0.0,0.0,Unidentified
773,Aug-2017,Caloocan,NPD,PS-1,0,0,1.0,0.0,,0.0,1.0,1.0,,1.0,0.0,0.0,Unidentified
794,Sep-2017,Caloocan,NPD,PS-1,0,1,0.0,,,0.0,0.0,0.0,,0.0,,,Unidentified
796,Sep-2017,Caloocan,NPD,PS-1,0,1,0.0,,,1.0,0.0,0.0,,0.0,,,Unidentified
798,Sep-2017,Caloocan,NPD,PS-1,0,0,0.0,,,0.0,0.0,1.0,,0.0,,,Unidentified
803,Sep-2017,Caloocan,NPD,PS-1,0,0,0.0,,,0.0,1.0,0.0,,1.0,,,Unidentified
804,Nov-2017,Caloocan,NPD,PS-1,0,1,0.0,,,0.0,1.0,0.0,,1.0,,,Unidentified
805,Nov-2017,Caloocan,NPD,PS-1,0,0,0.0,,,0.0,0.0,1.0,,1.0,,,Unidentified
806,Nov-2017,Caloocan,NPD,PS-1,0,0,1.0,,,0.0,1.0,0.0,,,,,Unidentified
807,Nov-2017,Caloocan,NPD,PS-1,0,0,1.0,,,0.0,0.0,0.0,,,,,Unidentified
808,Nov-2017,Caloocan,NPD,PS-1,0,0,1.0,,,0.0,1.0,0.0,,,,,Unidentified
809,Nov-2017,Caloocan,NPD,PS-1,0,0,0.0,,,0.0,1.0,0.0,,,,,Unidentified
810,Nov-2017,Caloocan,NPD,PS-1,0,0,0.0,,,0.0,1.0,0.0,,,,,Unidentified
812,Dec-2017,Caloocan,NPD,PS-1,0,0,0.0,,,0.0,1.0,0.0,,,,,Unidentified
813,Dec-2017,Caloocan,NPD,PS-1,0,0,0.0,,,0.0,1.0,0.0,,,,,Unidentified
814,Dec-2017,Caloocan,NPD,PS-1,0,1,0.0,,,,1.0,0.0,,,,,Unidentified
815,Dec-2017,Caloocan,NPD,PS-1,0,1,0.0,,,,1.0,0.0,,,,,Unidentified
816,Dec-2017,Caloocan,NPD,PS-1,0,0,1.0,,,,,1.0,,,,,Unidentified
817,Dec-2017,Caloocan,NPD,PS-1,0,0,1.0,,,,,1.0,,,,,Unidentified
818,Dec-2017,Caloocan,NPD,PS-1,0,1,0.0,,,,,0.0,,,,,Unidentified
819,Dec-2017,Caloocan,NPD,PS-1,1,1,1.0,,,,,1.0,,,,,Unidentified
820,Feb-2017,Caloocan,NPD,PS-1,0,0,0.0,0.0,0.0,0.0,0.0,1.0,,0.0,0.0,0.0,Unidentified
822,Jun-2017,Caloocan,NPD,PS-1,1,0,0.0,0.0,0.0,0.0,0.0,1.0,,0.0,0.0,0.0,Unidentified
824,Jul-2016,Caloocan,NPD,PS-1,0,0,,,,0.0,1.0,0.0,0.0,0.0,,,Unidentified
828,Nov-2016,Caloocan,NPD,PS-1,1,0,0.0,0.0,0.0,0.0,0.0,0.0,0.0,0.0,0.0,0.0,Unidentified
829,Dec-2016,Caloocan,NPD,PS-1,1,0,0.0,0.0,0.0,0.0,0.0,0.0,0.0,0.0,0.0,0.0,Unidentified
830,Apr-2017,Caloocan,NPD,PS-1,1,0,0.0,0.0,0.0,0.0,0.0,0.0,,0.0,0.0,0.0,Unidentified
831,Dec-2016,Caloocan,NPD,PS-1,1,0,0.0,0.0,0.0,0.0,0.0,0.0,0.0,0.0,0.0,0.0,Unidentified
832,Apr-2017,Caloocan,NPD,PS-1,1,0,0.0,0.0,0.0,0.0,0.0,0.0,,0.0,0.0,0.0,Unidentified
833,Dec-2016,Caloocan,NPD,PS-1,1,0,0.0,0.0,0.0,0.0,0.0,0.0,0.0,0.0,0.0,0.0,Unidentified
835,Dec-2016,Caloocan,NPD,PS-1,1,0,0.0,0.0,0.0,0.0,0.0,0.0,0.0,0.0,0.0,0.0,Unidentified
836,Dec-2016,Caloocan,NPD,PS-1,0,0,0.0,0.0,0.0,0.0,0.0,1.0,1.0,0.0,0.0,0.0,Unidentified
837,Oct-2016,Caloocan,NPD,PS-1,1,0,0.0,0.0,0.0,0.0,0.0,0.0,0.0,0.0,0.0,0.0,Unidentified
839,Oct-2016,Caloocan,NPD,PS-1,1,0,0.0,0.0,0.0,0.0,0.0,0.0,0.0,0.0,0.0,0.0,Unidentified
842,Jul-2017,Caloocan,NPD,PS-1,0,1,0.0,0.0,0.0,0.0,1.0,0.0,,1.0,0.0,0.0,Unidentified
844,Nov-2016,Caloocan,NPD,PS-1,0,1,0.0,0.0,0.0,0.0,1.0,0.0,0.0,0.0,0.0,0.0,Unidentified
845,Sep-2016,Caloocan,NPD,PS-1,1,0,,,,1.0,0.0,0.0,0.0,0.0,0.0,0.0,Unidentified
847,Dec-2016,Caloocan,NPD,PS-1,1,0,0.0,0.0,0.0,0.0,0.0,1.0,0.0,0.0,0.0,0.0,Unidentified
849,Nov-2016,Caloocan,NPD,PS-1,1,0,0.0,0.0,0.0,0.0,0.0,0.0,0.0,0.0,0.0,0.0,Unidentified
850,Nov-2016,Caloocan,NPD,PS-1,1,0,0.0,0.0,0.0,0.0,0.0,0.0,0.0,0.0,0.0,0.0,Unidentified
851,Dec-2016,Caloocan,NPD,PS-1,0,1,0.0,0.0,0.0,0.0,0.0,0.0,0.0,0.0,0.0,0.0,Unidentified
852,Mar-2017,Caloocan,NPD,PS-1,1,0,0.0,0.0,0.0,0.0,0.0,0.0,,0.0,0.0,0.0,Unidentified
854,Mar-2017,Caloocan,NPD,PS-1,1,0,0.0,0.0,0.0,0.0,0.0,0.0,,0.0,0.0,0.0,Unidentified
855,Mar-2017,Caloocan,NPD,PS-1,0,1,0.0,0.0,0.0,0.0,0.0,0.0,,0.0,0.0,0.0,Unidentified
856,Mar-2017,Caloocan,NPD,PS-1,1,0,0.0,0.0,0.0,0.0,0.0,0.0,,0.0,0.0,0.0,Unidentified
860,Jul-2016,Caloocan,NPD,PS-1,1,0,,,,0.0,0.0,0.0,0.0,0.0,,0.0,Unidentified
861,May-2017,Caloocan,NPD,PS-1,0,1,0.0,0.0,0.0,0.0,0.0,0.0,,1.0,0.0,0.0,Unidentified
862,Jul-2017,Caloocan,NPD,PS-1,0,1,0.0,0.0,0.0,0.0,0.0,0.0,,1.0,0.0,0.0,Unidentified
865,Mar-2017,Caloocan,NPD,PS-1,0,0,0.0,0.0,0.0,0.0,1.0,0.0,,1.0,0.0,0.0,Unidentified
866,Mar-2017,Caloocan,NPD,PS-1,0,0,0.0,0.0,0.0,0.0,1.0,0.0,,1.0,0.0,0.0,Unidentified
867,Jun-2017,Caloocan,NPD,PS-1,0,0,1.0,0.0,0.0,0.0,1.0,0.0,,1.0,0.0,0.0,Unidentified
868,Aug-2017,Caloocan,NPD,PS-1,0,0,0.0,0.0,,0.0,1.0,0.0,,1.0,0.0,0.0,Unidentified
869,Oct-2017,Caloocan,NPD,PS-1,0,0,1.0,,,0.0,1.0,0.0,,1.0,,,Unidentified
870,Sep-2016,Caloocan,NPD,PS-1,0,0,,,,0.0,0.0,0.0,0.0,1.0,0.0,1.0,Unidentified
871,Nov-2016,Caloocan,NPD,PS-1,0,0,0.0,0.0,0.0,0.0,0.0,0.0,0.0,1.0,0.0,0.0,Unidentified
872,Dec-2016,Caloocan,NPD,PS-1,0,0,0.0,0.0,0.0,0.0,0.0,0.0,0.0,1.0,0.0,0.0,Unidentified
873,Dec-2016,Caloocan,NPD,PS-1,0,0,0.0,0.0,0.0,0.0,0.0,0.0,0.0,1.0,0.0,0.0,Unidentified
874,Jan-2017,Caloocan,NPD,PS-1,1,1,0.0,0.0,0.0,0.0,0.0,0.0,,0.0,0.0,0.0,Unidentified
875,Feb-2017,Caloocan,NPD,PS-1,0,1,0.0,0.0,0.0,0.0,0.0,0.0,,0.0,0.0,0.0,Unidentified
876,Mar-2017,Caloocan,NPD,PS-1,0,1,0.0,0.0,0.0,0.0,0.0,0.0,,0.0,0.0,0.0,Unidentified
878,Jan-2017,Caloocan,NPD,PS-1,1,1,0.0,0.0,0.0,0.0,0.0,0.0,,0.0,0.0,0.0,Unidentified
879,Oct-2016,Caloocan,NPD,PS-1,0,1,,0.0,0.0,0.0,0.0,0.0,0.0,0.0,0.0,0.0,Unidentified
881,Nov-2016,Caloocan,NPD,PS-1,0,1,0.0,0.0,0.0,0.0,0.0,0.0,0.0,0.0,0.0,0.0,Unidentified
882,Nov-2016,Caloocan,NPD,PS-1,0,1,0.0,0.0,0.0,0.0,0.0,0.0,0.0,0.0,0.0,0.0,Unidentified
883,Jan-2017,Caloocan,NPD,PS-1,0,1,0.0,0.0,0.0,0.0,0.0,0.0,,0.0,0.0,0.0,Unidentified
884,Jan-2017,Caloocan,NPD,PS-1,0,1,0.0,0.0,0.0,0.0,0.0,0.0,,0.0,0.0,0.0,Unidentified
886,Mar-2017,Caloocan,NPD,PS-1,0,1,0.0,0.0,0.0,0.0,0.0,0.0,,0.0,0.0,0.0,Unidentified
889,Jul-2016,Caloocan,NPD,PS-1,0,0,,,,1.0,0.0,0.0,0.0,0.0,,,Unidentified
891,Mar-2017,Caloocan,NPD,PS-1,0,0,0.0,0.0,0.0,1.0,0.0,0.0,,0.0,0.0,0.0,Unidentified
894,Oct-2016,Caloocan,NPD,PS-1,0,0,0.0,0.0,0.0,1.0,0.0,0.0,0.0,0.0,0.0,0.0,Unidentified
895,Dec-2016,Caloocan,NPD,PS-1,0,0,0.0,0.0,0.0,1.0,0.0,0.0,0.0,0.0,0.0,0.0,Unidentified
896,Dec-2017,Caloocan,NPD,PS-1,0,0,0.0,,,1.0,0.0,0.0,,,,,Unidentified
897,Aug-2016,Caloocan,NPD,PS-1,0,0,,,,0.0,0.0,1.0,0.0,0.0,,0.0,Unidentified
898,Dec-2016,Caloocan,NPD,PS-1,0,0,0.0,0.0,0.0,0.0,0.0,1.0,0.0,0.0,0.0,0.0,Unidentified
899,Oct-2016,Caloocan,NPD,PS-1,0,0,0.0,0.0,0.0,0.0,0.0,1.0,0.0,0.0,0.0,0.0,Unidentified
903,Dec-2016,Caloocan,NPD,PS-1,0,0,0.0,0.0,0.0,0.0,0.0,0.0,0.0,0.0,0.0,1.0,Unidentified
904,Aug-2017,Caloocan,NPD,PS-1,1,0,0.0,0.0,,0.0,0.0,0.0,,0.0,0.0,0.0,Unidentified
905,Jul-2017,Caloocan,NPD,PS-1,1,0,0.0,0.0,0.0,0.0,0.0,0.0,,0.0,0.0,0.0,Unidentified
