ID,Date,Location,Police District,Police Station,Police,News,Journalists' Notes,Task Force Detainees of the Philippines,RiseUp for Life and Rights,Balay Rehabilitation Center,CCT-DRK Research,Redemptorist Social Mission,Funeral Parlor,Bishop of Caloocan,Philippine Human Rights Information Center,Commission on Human Rights
3,Jan-2017,Caloocan,NPD,PS-1,0,1,0,0,0,0,1,0,N/A,0,0,0
4,Aug-2017,Caloocan,NPD,PS-1,0,1,0,0,N/A,0,1,0,N/A,1,0,0
5,Aug-2016,Caloocan,NPD,PS-1,1,1,N/A,N/A,N/A,0,1,0,0,1,N/A,0
9,Oct-2016,Caloocan,NPD,PS-1,1,0,N/A,N/A,0,0,0,1,1,1,0,0
10,Oct-2016,Caloocan,NPD,PS-1,1,0,0,0,0,0,0,1,0,1,0,0
11,Jul-2016,Caloocan,NPD,PS-1,1,0,N/A,N/A,N/A,0,0,0,0,0,N/A,N/A
14,Nov-2016,Caloocan,NPD,PS-1,1,0,0,0,0,0,0,0,0,0,0,0
15,Dec-2016,Caloocan,NPD,PS-1,1,1,0,0,0,0,1,1,1,1,0,0
16,Jul-2016,Caloocan,NPD,PS-1,1,1,N/A,N/A,N/A,0,1,0,0,0,N/A,N/A
19,Oct-2016,Caloocan,NPD,PS-1,1,1,0,0,1,0,1,0,0,1,0,0
22,Jun-2017,Caloocan,NPD,PS-1,1,1,0,0,0,1,1,0,N/A,1,0,0
25,Mar-2017,Caloocan,NPD,PS-1,1,0,0,0,0,0,0,0,N/A,0,0,0
26,Jun-2017,Caloocan,NPD,PS-1,1,0,0,0,0,0,0,0,N/A,0,0,0
31,Jul-2017,Caloocan,NPD,PS-1,0,1,0,0,0,0,1,0,N/A,1,0,0
32,Aug-2017,Caloocan,NPD,PS-1,0,1,0,N/A,N/A,1,1,0,N/A,1,N/A,N/A
34,Jun-2017,Caloocan,NPD,PS-1,1,0,0,0,0,0,0,0,N/A,0,0,0
35,Jan-2017,Caloocan,NPD,PS-1,1,1,0,0,0,0,1,0,N/A,0,0,0
37,Sep-2016,Caloocan,NPD,PS-1,1,0,N/A,N/A,0,0,0,0,0,0,0,0
38,Jan-2017,Caloocan,NPD,PS-1,1,1,0,0,0,0,0,0,N/A,0,0,0
40,Dec-2016,Caloocan,NPD,PS-1,1,0,0,0,0,0,0,1,1,0,0,0
41,Oct-2016,Caloocan,NPD,PS-1,1,0,0,0,0,0,0,1,1,0,0,0
42,Dec-2016,Caloocan,NPD,PS-1,0,1,0,0,0,0,1,0,0,0,0,0
44,May-2017,Caloocan,NPD,PS-1,0,1,0,0,0,1,1,0,N/A,0,0,0
45,Jul-2016,Caloocan,NPD,PS-1,1,0,N/A,N/A,N/A,0,0,N/A,N/A,0,N/A,N/A
46,Jun-2017,Caloocan,NPD,PS-1,1,0,0,0,0,1,0,0,N/A,0,0,0
47,Jan-2017,Caloocan,NPD,PS-1,1,1,0,0,0,0,1,0,N/A,1,0,0
50,Aug-2016,Caloocan,NPD,PS-1,1,1,N/A,N/A,N/A,1,1,0,0,0,N/A,0
53,Jun-2017,Caloocan,NPD,PS-1,1,1,0,0,0,0,1,0,N/A,1,0,0
54,Nov-2016,Caloocan,NPD,PS-1,1,0,0,0,0,0,0,1,1,0,0,0
55,Jun-2017,Caloocan,NPD,PS-1,1,0,0,0,0,1,0,0,N/A,0,0,0
57,Oct-2016,Caloocan,NPD,PS-1,1,0,0,0,0,0,0,0,0,0,0,0
58,Sep-2016,Caloocan,NPD,PS-1,1,1,N/A,N/A,N/A,0,1,1,1,0,0,0
59,May-2017,Caloocan,NPD,PS-1,0,1,1,0,0,0,1,1,N/A,1,0,0
67,Jun-2017,Caloocan,NPD,PS-1,1,1,0,0,0,0,1,0,N/A,1,0,0
69,Nov-2016,Caloocan,NPD,PS-1,1,1,0,0,0,0,1,0,0,0,0,0
71,Sep-2016,Caloocan,NPD,PS-1,1,1,N/A,N/A,0,0,1,0,0,0,0,1
73,Jun-2017,Caloocan,NPD,PS-1,1,0,1,0,0,0,1,1,N/A,1,0,0
75,Dec-2016,Caloocan,NPD,PS-1,0,1,0,0,0,0,1,0,0,0,0,0
79,Aug-2016,Caloocan,NPD,PS-1,1,0,N/A,N/A,N/A,0,1,0,0,0,N/A,0
81,Jul-2016,Caloocan,NPD,PS-1,1,1,N/A,N/A,N/A,0,1,0,0,0,N/A,N/A
82,Aug-2016,Caloocan,NPD,PS-1,1,0,N/A,N/A,N/A,0,0,1,1,0,N/A,0
86,Oct-2016,Caloocan,NPD,PS-1,1,0,0,0,0,1,0,0,0,0,0,0
87,Nov-2016,Caloocan,NPD,PS-1,1,0,0,0,0,0,0,1,1,0,0,0
90,Jun-2017,Caloocan,NPD,PS-1,1,1,0,0,0,1,0,0,N/A,1,0,0
92,Jan-2017,Caloocan,NPD,PS-1,1,1,0,0,0,0,1,0,N/A,1,0,0
93,Jun-2017,Caloocan,NPD,PS-1,1,1,0,0,0,0,1,0,N/A,1,0,0
97,Jun-2017,Caloocan,NPD,PS-1,1,1,0,0,0,0,1,0,N/A,1,0,0
98,Jan-2017,Caloocan,NPD,PS-1,1,1,0,0,0,0,1,0,N/A,0,0,0
99,Jul-2016,Caloocan,NPD,PS-1,1,0,N/A,N/A,N/A,0,N/A,N/A,N/A,0,N/A,N/A
100,Jul-2016,Caloocan,NPD,PS-1,1,0,N/A,N/A,N/A,0,0,0,0,0,N/A,N/A
101,Jun-2017,Caloocan,NPD,PS-1,1,1,0,0,0,0,1,0,N/A,1,0,0
102,Jun-2017,Caloocan,NPD,PS-1,1,1,0,0,0,1,1,0,N/A,1,0,0
103,May-2017,Caloocan,NPD,PS-1,0,1,0,0,0,0,1,0,N/A,0,0,0
106,Oct-2016,Caloocan,NPD,PS-1,1,0,0,0,0,0,0,0,0,0,0,0
107,Sep-2016,Caloocan,NPD,PS-1,1,1,N/A,N/A,0,0,0,1,1,0,0,0
112,Jul-2016,Caloocan,NPD,PS-1,1,1,N/A,N/A,N/A,0,1,0,0,0,N/A,N/A
113,Jun-2017,Caloocan,NPD,PS-1,1,0,0,0,0,0,0,0,N/A,0,0,0
115,Mar-2017,Caloocan,NPD,PS-1,1,0,0,0,0,0,0,0,N/A,0,0,0
119,Sep-2016,Caloocan,NPD,PS-1,1,1,N/A,N/A,0,0,1,0,0,0,0,0
120,Jun-2017,Caloocan,NPD,PS-1,1,0,0,0,0,0,0,0,N/A,0,0,0
121,Oct-2016,Caloocan,NPD,PS-1,1,1,0,0,0,0,1,0,0,0,0,0
124,Jun-2017,Caloocan,NPD,PS-1,0,1,0,0,0,0,1,0,N/A,0,0,0
126,Jun-2017,Caloocan,NPD,PS-1,0,1,0,0,0,0,1,1,N/A,1,0,0
132,Jun-2017,Caloocan,NPD,PS-1,0,1,0,0,0,0,1,0,N/A,1,0,0
133,Jul-2016,Caloocan,NPD,PS-1,1,0,N/A,N/A,N/A,0,0,0,0,0,N/A,N/A
136,Nov-2016,Caloocan,NPD,PS-1,1,1,0,0,0,0,1,1,1,0,0,0
137,Oct-2016,Caloocan,NPD,PS-1,1,0,0,0,0,0,0,0,0,0,0,0
140,Jun-2017,Caloocan,NPD,PS-1,1,0,0,0,0,0,0,0,N/A,0,0,0
143,Jun-2017,Caloocan,NPD,PS-1,1,0,0,0,0,0,0,0,N/A,0,0,0
145,Aug-2017,Caloocan,NPD,PS-1,0,1,0,0,N/A,0,0,0,N/A,0,0,0
146,Jun-2017,Caloocan,NPD,PS-1,1,1,0,0,0,0,1,0,N/A,1,0,0
147,Jul-2016,Caloocan,NPD,PS-1,1,1,N/A,N/A,N/A,1,1,0,0,0,N/A,N/A
148,Mar-2017,Caloocan,NPD,PS-1,1,0,0,0,0,0,0,0,N/A,0,0,0
152,Jul-2016,Caloocan,NPD,PS-1,1,1,N/A,N/A,N/A,0,1,N/A,N/A,0,N/A,N/A
154,Dec-2016,Caloocan,NPD,PS-1,1,1,0,0,0,0,1,0,0,1,0,0
156,Jun-2017,Caloocan,NPD,PS-1,1,0,0,0,0,0,0,0,N/A,0,0,0
157,Dec-2016,Caloocan,NPD,PS-1,1,1,0,0,0,0,0,0,0,0,0,0
163,Jul-2016,Caloocan,NPD,PS-1,1,1,N/A,N/A,N/A,1,N/A,N/A,N/A,1,N/A,N/A
164,Jul-2016,Caloocan,NPD,PS-1,1,1,N/A,N/A,N/A,1,N/A,N/A,N/A,1,N/A,N/A
165,Jul-2016,Caloocan,NPD,PS-1,1,1,N/A,N/A,N/A,0,1,N/A,N/A,0,N/A,N/A
166,Jul-2016,Caloocan,NPD,PS-1,1,1,N/A,N/A,N/A,0,0,N/A,N/A,0,N/A,N/A
169,Jul-2016,Caloocan,NPD,PS-1,1,1,N/A,N/A,N/A,0,0,N/A,N/A,0,N/A,N/A
170,Jul-2016,Caloocan,NPD,PS-1,1,1,N/A,N/A,N/A,0,0,N/A,N/A,0,N/A,N/A
174,Jul-2016,Caloocan,NPD,PS-1,1,0,N/A,N/A,N/A,0,0,1,1,0,N/A,N/A
177,Jul-2016,Caloocan,NPD,PS-1,1,1,N/A,N/A,N/A,0,0,0,0,0,N/A,N/A
181,Jul-2016,Caloocan,NPD,PS-1,1,0,N/A,N/A,N/A,0,0,1,1,0,N/A,N/A
187,Jul-2016,Caloocan,NPD,PS-1,0,1,N/A,N/A,N/A,0,1,0,0,1,N/A,N/A
194,Jul-2016,Caloocan,NPD,PS-1,1,0,N/A,N/A,N/A,0,0,0,0,0,N/A,N/A
199,Jul-2016,Caloocan,NPD,PS-1,1,0,N/A,N/A,N/A,0,0,0,0,0,N/A,N/A
203,Jul-2016,Caloocan,NPD,PS-1,1,0,N/A,N/A,N/A,0,0,0,0,0,N/A,N/A
215,Jul-2016,Caloocan,NPD,PS-1,1,0,N/A,N/A,N/A,0,0,0,0,0,N/A,N/A
218,Jul-2016,Caloocan,NPD,PS-1,1,0,N/A,N/A,N/A,0,0,0,0,0,N/A,0
222,Jul-2016,Caloocan,NPD,PS-1,1,0,N/A,N/A,N/A,0,0,1,1,0,N/A,0
228,Aug-2016,Caloocan,NPD,PS-1,1,0,N/A,N/A,N/A,0,0,0,0,0,N/A,0
246,Aug-2016,Caloocan,NPD,PS-1,1,0,N/A,N/A,N/A,0,0,1,1,0,N/A,0
250,Aug-2016,Caloocan,NPD,PS-1,1,0,N/A,N/A,N/A,1,0,0,0,0,N/A,0
260,Aug-2016,Caloocan,NPD,PS-1,1,0,N/A,N/A,N/A,0,0,0,0,0,N/A,0
263,Aug-2016,Caloocan,NPD,PS-1,1,1,N/A,N/A,N/A,0,0,0,0,0,N/A,0
264,Aug-2016,Caloocan,NPD,PS-1,1,1,N/A,N/A,N/A,0,0,0,0,0,N/A,0
265,Aug-2016,Caloocan,NPD,PS-1,1,0,N/A,N/A,N/A,0,0,0,0,0,N/A,0
266,Aug-2016,Caloocan,NPD,PS-1,1,0,N/A,N/A,N/A,0,0,0,0,0,N/A,0
281,Aug-2016,Caloocan,NPD,PS-1,1,1,N/A,N/A,N/A,0,1,1,1,0,0,0
291,Aug-2016,Caloocan,NPD,PS-1,1,0,N/A,N/A,N/A,1,0,0,0,0,0,0
293,Aug-2016,Caloocan,NPD,PS-1,1,1,N/A,N/A,N/A,0,0,0,0,0,0,0
294,Aug-2016,Caloocan,NPD,PS-1,1,1,N/A,N/A,N/A,0,0,0,0,0,0,0
298,Aug-2016,Caloocan,NPD,PS-1,1,0,N/A,N/A,N/A,0,0,0,0,0,0,0
301,Sep-2016,Caloocan,NPD,PS-1,1,1,N/A,N/A,N/A,1,1,0,0,0,0,0
309,Sep-2016,Caloocan,NPD,PS-1,1,1,N/A,N/A,N/A,0,0,0,0,0,0,0
319,Sep-2016,Caloocan,NPD,PS-1,1,0,N/A,N/A,N/A,0,0,0,0,0,0,0
324,Sep-2016,Caloocan,NPD,PS-1,1,0,N/A,N/A,N/A,0,0,0,0,0,0,0
342,Sep-2016,Caloocan,NPD,PS-1,1,1,N/A,N/A,1,0,0,0,0,1,0,0
344,Sep-2016,Caloocan,NPD,PS-1,1,1,N/A,N/A,1,0,0,0,0,1,0,0
346,Sep-2016,Caloocan,NPD,PS-1,0,1,N/A,N/A,0,0,1,0,0,1,0,0
347,Sep-2016,Caloocan,NPD,PS-1,0,0,N/A,N/A,0,0,1,0,0,0,0,0
348,Sep-2016,Caloocan,NPD,PS-1,0,1,N/A,N/A,0,0,0,0,0,1,0,0
349,Sep-2016,Caloocan,NPD,PS-1,1,1,N/A,N/A,0,0,1,0,0,0,0,0
350,Sep-2016,Caloocan,NPD,PS-1,1,1,N/A,N/A,0,0,0,0,0,0,0,0
351,Sep-2016,Caloocan,NPD,PS-1,1,0,N/A,N/A,0,0,0,0,0,0,0,0
352,Sep-2016,Caloocan,NPD,PS-1,1,1,N/A,N/A,0,0,1,1,1,1,0,0
353,Sep-2016,Caloocan,NPD,PS-1,1,0,N/A,N/A,0,1,0,0,0,0,0,0
355,Sep-2016,Caloocan,NPD,PS-1,1,1,N/A,N/A,0,0,0,0,0,0,0,0
357,Sep-2016,Caloocan,NPD,PS-1,1,1,N/A,N/A,0,0,1,0,0,1,0,0
358,Sep-2016,Caloocan,NPD,PS-1,1,0,N/A,N/A,0,1,0,0,0,0,0,0
359,Sep-2016,Caloocan,NPD,PS-1,1,0,N/A,N/A,0,1,0,0,0,0,0,0
360,Sep-2016,Caloocan,NPD,PS-1,1,1,N/A,N/A,0,0,1,1,1,1,0,0
375,Sep-2016,Caloocan,NPD,PS-1,1,1,N/A,N/A,0,0,1,0,0,1,0,0
393,Sep-2016,Caloocan,NPD,PS-1,1,1,N/A,N/A,0,0,1,1,1,1,0,0
394,Sep-2016,Caloocan,NPD,PS-1,1,1,N/A,N/A,0,0,0,0,0,1,0,0
395,Sep-2016,Caloocan,NPD,PS-1,1,1,N/A,N/A,0,0,0,0,0,1,0,0
412,Oct-2016,Caloocan,NPD,PS-1,0,1,N/A,0,0,0,1,0,0,0,0,0
438,Oct-2016,Caloocan,NPD,PS-1,1,1,0,0,0,0,1,0,0,0,0,0
443,Oct-2016,Caloocan,NPD,PS-1,1,1,0,0,0,0,0,0,0,0,0,0
462,Oct-2016,Caloocan,NPD,PS-1,1,1,0,0,0,0,1,0,0,0,0,0
463,Oct-2016,Caloocan,NPD,PS-1,1,1,0,0,0,0,1,0,0,0,0,0
464,Oct-2016,Caloocan,NPD,PS-1,1,1,0,0,0,0,0,1,1,1,0,1
466,Oct-2016,Caloocan,NPD,PS-1,1,0,0,0,0,0,0,0,0,0,0,0
467,Oct-2016,Caloocan,NPD,PS-1,1,0,0,0,0,0,0,0,0,0,0,0
468,Oct-2016,Caloocan,NPD,PS-1,1,1,0,0,0,0,1,1,1,0,0,0
469,Oct-2016,Caloocan,NPD,PS-1,1,1,0,0,0,0,1,1,1,0,0,0
472,Oct-2016,Caloocan,NPD,PS-1,1,1,0,0,0,0,1,1,0,0,0,0
481,Oct-2016,Caloocan,NPD,PS-1,1,0,0,0,0,0,0,1,1,0,0,0
482,Oct-2016,Caloocan,NPD,PS-1,1,0,0,0,0,0,0,0,0,0,0,0
483,Oct-2016,Caloocan,NPD,PS-1,0,1,0,0,0,0,1,1,1,0,0,0
487,Oct-2016,Caloocan,NPD,PS-1,1,0,0,0,0,1,0,0,0,0,0,0
489,Oct-2016,Caloocan,NPD,PS-1,1,0,0,0,0,0,0,1,0,0,1,0
490,Oct-2016,Caloocan,NPD,PS-1,1,0,0,0,0,1,0,0,0,0,0,0
491,Oct-2016,Caloocan,NPD,PS-1,1,0,0,0,0,0,0,0,0,1,0,0
515,Nov-2016,Caloocan,NPD,PS-1,1,0,0,0,0,0,0,1,1,0,0,0
525,Nov-2016,Caloocan,NPD,PS-1,1,1,0,0,0,1,1,0,0,1,0,0
530,Nov-2016,Caloocan,NPD,PS-1,1,0,0,0,0,0,0,1,1,0,0,0
531,Nov-2016,Caloocan,NPD,PS-1,1,0,0,0,0,0,0,1,1,0,0,0
533,Nov-2016,Caloocan,NPD,PS-1,1,1,0,0,0,0,1,1,1,0,0,0
552,Nov-2016,Caloocan,NPD,PS-1,1,1,0,0,0,0,1,0,0,0,0,0
553,Nov-2016,Caloocan,NPD,PS-1,1,1,0,0,0,0,0,1,1,0,0,0
557,Nov-2016,Caloocan,NPD,PS-1,1,0,0,0,0,0,0,0,0,0,0,0
567,Dec-2016,Caloocan,NPD,PS-1,0,1,0,0,1,0,1,1,1,0,0,0
568,Dec-2016,Caloocan,NPD,PS-1,0,1,0,0,0,0,1,1,1,0,0,0
573,Dec-2016,Caloocan,NPD,PS-1,1,0,0,0,0,0,0,0,0,0,0,0
578,Dec-2016,Caloocan,NPD,PS-1,1,1,0,0,0,0,0,0,0,1,0,0
579,Dec-2016,Caloocan,NPD,PS-1,1,1,0,0,0,0,0,1,1,0,0,0
581,Dec-2016,Caloocan,NPD,PS-1,1,1,0,0,0,0,1,0,0,0,0,0
582,Dec-2016,Caloocan,NPD,PS-1,1,1,0,0,0,0,1,0,0,1,0,0
583,Dec-2016,Caloocan,NPD,PS-1,1,1,0,0,0,0,0,0,0,1,0,0
584,Dec-2016,Caloocan,NPD,PS-1,0,1,0,0,0,0,1,1,1,1,0,0
586,Dec-2016,Caloocan,NPD,PS-1,1,0,0,0,0,0,0,1,1,0,0,0
599,Dec-2016,Caloocan,NPD,PS-1,0,1,0,0,0,0,0,1,1,0,0,0
614,Jan-2017,Caloocan,NPD,PS-1,0,1,0,0,0,0,1,0,N/A,1,0,0
616,Jan-2017,Caloocan,NPD,PS-1,1,1,0,0,0,0,0,0,N/A,0,0,0
617,Jan-2017,Caloocan,NPD,PS-1,1,1,0,0,0,0,1,0,N/A,1,1,0
618,Jan-2017,Caloocan,NPD,PS-1,1,1,0,0,0,0,0,0,N/A,0,0,0
619,Jan-2017,Caloocan,NPD,PS-1,0,1,0,0,0,0,1,1,N/A,1,0,0
620,Jan-2017,Caloocan,NPD,PS-1,0,1,0,0,0,0,1,0,N/A,1,0,0
621,Jan-2017,Caloocan,NPD,PS-1,0,1,0,0,0,0,1,0,N/A,1,0,0
622,Jan-2017,Caloocan,NPD,PS-1,0,1,0,0,0,0,1,0,N/A,1,0,0
625,Jan-2017,Caloocan,NPD,PS-1,1,1,0,0,0,0,0,0,N/A,0,0,0
627,Jan-2017,Caloocan,NPD,PS-1,1,1,0,0,0,0,1,0,N/A,1,0,0
628,Jan-2017,Caloocan,NPD,PS-1,1,1,0,0,0,0,1,0,N/A,1,0,0
630,Jan-2017,Caloocan,NPD,PS-1,0,1,0,0,0,0,0,1,N/A,1,0,0
658,Mar-2017,Caloocan,NPD,PS-1,1,1,0,0,0,1,1,0,N/A,0,0,0
677,Apr-2017,Caloocan,NPD,PS-1,0,1,0,0,0,0,1,0,N/A,0,0,0
682,Apr-2017,Caloocan,NPD,PS-1,0,1,0,0,0,0,0,0,N/A,0,0,0
683,Apr-2017,Caloocan,NPD,PS-1,0,1,0,0,0,0,0,0,N/A,0,0,0
684,Apr-2017,Caloocan,NPD,PS-1,0,1,0,0,0,1,0,0,N/A,0,0,0
685,Apr-2017,Caloocan,NPD,PS-1,0,1,0,0,0,1,0,0,N/A,0,0,0
688,Apr-2017,Caloocan,NPD,PS-1,1,1,0,0,0,0,1,0,N/A,0,0,0
690,May-2017,Caloocan,NPD,PS-1,0,1,0,0,0,0,1,0,N/A,0,0,0
691,May-2017,Caloocan,NPD,PS-1,0,1,0,0,0,0,1,0,N/A,0,0,0
692,May-2017,Caloocan,NPD,PS-1,0,1,0,0,0,0,1,0,N/A,0,0,0
693,May-2017,Caloocan,NPD,PS-1,0,1,0,0,0,0,1,0,N/A,0,0,0
694,May-2017,Caloocan,NPD,PS-1,0,1,0,0,0,0,0,0,N/A,0,0,0
696,May-2017,Caloocan,NPD,PS-1,0,1,0,0,0,0,1,1,N/A,1,0,0
697,May-2017,Caloocan,NPD,PS-1,0,0,0,0,0,0,1,0,N/A,1,0,0
698,May-2017,Caloocan,NPD,PS-1,0,1,0,0,0,1,1,1,N/A,0,1,0
699,May-2017,Caloocan,NPD,PS-1,0,1,0,0,0,0,1,0,N/A,0,0,0
701,May-2017,Caloocan,NPD,PS-1,1,1,0,0,0,1,1,0,N/A,1,0,0
702,May-2017,Caloocan,NPD,PS-1,1,1,0,0,0,0,1,0,N/A,1,0,0
707,May-2017,Caloocan,NPD,PS-1,1,1,0,0,0,0,1,0,N/A,0,0,0
723,Jun-2017,Caloocan,NPD,PS-1,1,1,0,0,0,0,1,0,N/A,0,0,0
730,Jun-2017,Caloocan,NPD,PS-1,1,1,0,0,0,1,1,0,N/A,1,0,0
731,Jun-2017,Caloocan,NPD,PS-1,1,1,0,0,0,0,0,0,N/A,0,0,0
732,Jun-2017,Caloocan,NPD,PS-1,0,1,1,0,0,0,1,1,N/A,1,0,0
733,Jun-2017,Caloocan,NPD,PS-1,1,1,0,0,0,1,1,0,N/A,1,0,0
734,Jun-2017,Caloocan,NPD,PS-1,1,1,0,0,0,1,1,0,N/A,1,0,0
735,Jun-2017,Caloocan,NPD,PS-1,0,0,1,0,0,0,1,1,N/A,1,0,0
737,Jun-2017,Caloocan,NPD,PS-1,0,1,1,0,0,0,1,0,N/A,1,0,0
739,Jun-2017,Caloocan,NPD,PS-1,0,0,1,0,0,0,1,0,N/A,1,0,0
741,Jun-2017,Caloocan,NPD,PS-1,0,1,0,0,0,0,1,0,N/A,1,0,0
742,Jun-2017,Caloocan,NPD,PS-1,0,0,1,0,0,0,1,1,N/A,1,0,0
744,Jul-2017,Caloocan,NPD,PS-1,0,1,0,0,0,1,1,0,N/A,1,0,0
745,Jul-2017,Caloocan,NPD,PS-1,0,0,1,0,0,0,1,1,N/A,1,0,0
746,Jul-2017,Caloocan,NPD,PS-1,0,1,0,0,0,0,1,1,N/A,1,0,0
747,Jul-2017,Caloocan,NPD,PS-1,0,1,0,0,0,0,1,1,N/A,1,0,0
748,Jul-2017,Caloocan,NPD,PS-1,0,1,0,0,0,0,0,0,N/A,1,0,0
749,Jul-2017,Caloocan,NPD,PS-1,0,1,0,0,0,0,0,0,N/A,1,0,0
750,Jul-2017,Caloocan,NPD,PS-1,0,1,0,0,0,0,0,0,N/A,1,0,0
751,Jul-2017,Caloocan,NPD,PS-1,0,1,1,0,0,0,1,0,N/A,1,0,0
752,Jul-2017,Caloocan,NPD,PS-1,0,1,0,0,0,0,1,0,N/A,1,0,0
753,Jul-2017,Caloocan,NPD,PS-1,0,1,0,0,0,0,1,0,N/A,1,0,0
754,Jul-2017,Caloocan,NPD,PS-1,0,1,1,0,0,0,1,1,N/A,1,0,0
755,Jul-2017,Caloocan,NPD,PS-1,0,1,0,0,0,0,1,0,N/A,1,0,0
756,Jul-2017,Caloocan,NPD,PS-1,0,1,0,0,0,0,1,0,N/A,1,0,0
759,Aug-2017,Caloocan,NPD,PS-1,0,1,0,0,1,1,1,0,N/A,1,0,0
760,Aug-2017,Caloocan,NPD,PS-1,0,1,0,0,N/A,0,1,0,N/A,1,0,0
761,Aug-2017,Caloocan,NPD,PS-1,0,1,0,0,N/A,0,1,0,N/A,1,0,0
762,Aug-2017,Caloocan,NPD,PS-1,0,1,0,0,N/A,0,1,0,N/A,1,0,0
763,Aug-2017,Caloocan,NPD,PS-1,0,1,0,0,N/A,0,1,0,N/A,1,0,0
764,Aug-2017,Caloocan,NPD,PS-1,0,1,0,0,N/A,0,1,0,N/A,1,0,0
765,Aug-2017,Caloocan,NPD,PS-1,0,1,0,0,N/A,0,0,0,N/A,0,0,0
766,Aug-2017,Caloocan,NPD,PS-1,0,1,0,0,N/A,0,0,0,N/A,0,0,0
767,Aug-2017,Caloocan,NPD,PS-1,0,1,0,0,N/A,0,0,0,N/A,0,0,0
768,Aug-2017,Caloocan,NPD,PS-1,0,1,0,0,N/A,0,0,0,N/A,0,0,0
769,Aug-2017,Caloocan,NPD,PS-1,0,1,0,0,N/A,0,0,0,N/A,0,0,0
770,Aug-2017,Caloocan,NPD,PS-1,0,0,1,0,N/A,0,1,1,N/A,1,0,0
772,Aug-2017,Caloocan,NPD,PS-1,0,1,0,0,N/A,0,1,0,N/A,1,0,0
774,Aug-2017,Caloocan,NPD,PS-1,0,1,0,0,N/A,0,0,0,N/A,0,0,0
775,Aug-2017,Caloocan,NPD,PS-1,0,0,1,0,N/A,0,1,0,N/A,1,0,0
776,Aug-2017,Caloocan,NPD,PS-1,0,1,0,0,N/A,0,0,0,N/A,0,0,0
777,Aug-2017,Caloocan,NPD,PS-1,0,1,0,0,N/A,0,1,0,N/A,1,0,0
778,Aug-2017,Caloocan,NPD,PS-1,0,1,0,0,N/A,1,1,0,N/A,1,0,0
779,Aug-2017,Caloocan,NPD,PS-1,0,1,0,0,N/A,1,1,0,N/A,1,0,0
780,Aug-2017,Caloocan,NPD,PS-1,0,0,0,0,N/A,0,1,1,N/A,1,0,0
781,Aug-2017,Caloocan,NPD,PS-1,0,1,0,0,N/A,1,1,0,N/A,1,0,0
782,Aug-2017,Caloocan,NPD,PS-1,0,1,1,0,N/A,0,1,1,N/A,1,0,0
783,Aug-2017,Caloocan,NPD,PS-1,0,0,1,0,N/A,0,1,1,N/A,1,0,0
784,Aug-2017,Caloocan,NPD,PS-1,0,0,1,0,N/A,0,1,1,N/A,1,0,0
785,Aug-2017,Caloocan,NPD,PS-1,0,1,0,0,N/A,1,1,1,N/A,1,1,0
786,Aug-2017,Caloocan,NPD,PS-1,0,1,1,0,N/A,0,1,1,N/A,1,0,0
787,Aug-2017,Caloocan,NPD,PS-1,0,0,1,0,N/A,0,1,1,N/A,1,0,0
788,Aug-2017,Caloocan,NPD,PS-1,0,1,0,0,N/A,1,1,1,N/A,1,1,0
789,Aug-2017,Caloocan,NPD,PS-1,0,1,0,0,N/A,0,0,0,N/A,1,N/A,0
790,Aug-2017,Caloocan,NPD,PS-1,0,1,0,0,N/A,0,0,0,N/A,0,N/A,0
791,Aug-2017,Caloocan,NPD,PS-1,0,1,0,0,N/A,0,1,0,N/A,1,N/A,1
792,Aug-2017,Caloocan,NPD,PS-1,0,0,0,1,N/A,0,0,0,N/A,0,N/A,N/A
793,Aug-2017,Caloocan,NPD,PS-1,0,1,0,N/A,N/A,1,0,0,N/A,0,N/A,N/A
795,Sep-2017,Caloocan,NPD,PS-1,0,0,0,N/A,N/A,0,1,0,N/A,1,N/A,N/A
797,Sep-2017,Caloocan,NPD,PS-1,0,0,1,N/A,N/A,0,1,1,N/A,1,N/A,N/A
799,Sep-2017,Caloocan,NPD,PS-1,0,1,0,N/A,N/A,0,1,0,N/A,1,N/A,N/A
800,Sep-2017,Caloocan,NPD,PS-1,0,1,0,N/A,N/A,0,1,0,N/A,1,N/A,N/A
801,Sep-2017,Caloocan,NPD,PS-1,0,1,0,N/A,N/A,0,1,0,N/A,1,N/A,N/A
802,Sep-2017,Caloocan,NPD,PS-1,0,1,0,N/A,N/A,0,1,1,N/A,1,N/A,N/A
811,Dec-2017,Caloocan,NPD,PS-1,0,0,0,N/A,N/A,0,1,0,N/A,N/A,N/A,N/A
821,Dec-2016,Caloocan,NPD,PS-1,1,0,0,0,0,0,0,0,0,0,0,0
823,Dec-2016,Caloocan,NPD,PS-1,1,0,0,0,0,0,0,0,0,0,0,0
825,Dec-2016,Caloocan,NPD,PS-1,1,0,0,0,0,0,0,0,0,0,0,0
826,May-2017,Caloocan,NPD,PS-1,1,0,0,0,0,0,0,0,N/A,0,0,0
827,Dec-2016,Caloocan,NPD,PS-1,1,0,0,0,0,0,0,0,0,0,0,0
834,Sep-2016,Caloocan,NPD,PS-1,1,0,N/A,N/A,0,0,0,0,0,0,0,0
838,Jun-2017,Caloocan,NPD,PS-1,0,1,0,0,0,0,1,0,N/A,0,0,0
840,Jul-2016,Caloocan,NPD,PS-1,0,1,N/A,N/A,N/A,0,0,N/A,N/A,0,N/A,N/A
841,Oct-2016,Caloocan,NPD,PS-1,1,0,0,0,0,0,0,0,0,0,0,0
843,Oct-2016,Caloocan,NPD,PS-1,1,0,0,0,0,0,0,0,0,0,0,0
846,Dec-2016,Caloocan,NPD,PS-1,0,1,0,0,0,0,0,0,0,1,0,0
848,Dec-2016,Caloocan,NPD,PS-1,0,1,0,0,0,1,0,0,0,0,0,0
853,Dec-2016,Caloocan,NPD,PS-1,0,1,0,0,0,0,1,0,0,0,0,0
858,Jul-2016,Caloocan,NPD,PS-1,1,0,N/A,N/A,N/A,0,0,N/A,N/A,0,N/A,N/A
859,Jun-2017,Caloocan,NPD,PS-1,0,1,0,0,0,0,0,0,N/A,1,0,0
863,Jul-2017,Caloocan,NPD,PS-1,0,1,0,0,0,0,1,0,N/A,1,0,0
864,Aug-2017,Caloocan,NPD,PS-1,0,1,0,0,N/A,0,1,0,N/A,1,0,0
877,Jun-2017,Caloocan,NPD,PS-1,0,1,0,0,0,0,0,0,N/A,0,0,0
880,Nov-2016,Caloocan,NPD,PS-1,0,1,0,0,0,0,0,0,0,0,0,0
885,Jan-2017,Caloocan,NPD,PS-1,0,1,0,0,0,0,0,0,N/A,1,0,0
887,May-2017,Caloocan,NPD,PS-1,0,1,0,0,0,0,0,0,N/A,0,0,0
888,Jul-2017,Caloocan,NPD,PS-1,0,1,0,0,0,0,0,0,N/A,1,0,0
890,Jun-2017,Caloocan,NPD,PS-1,0,0,0,0,0,1,0,0,N/A,0,0,0
892,Oct-2016,Caloocan,NPD,PS-1,0,0,0,0,0,1,0,0,0,0,0,0
893,Aug-2017,Caloocan,NPD,PS-1,0,0,0,0,N/A,1,0,0,N/A,0,0,0
900,Jul-2017,Caloocan,NPD,PS-1,0,0,0,0,0,0,0,0,N/A,0,0,1
901,Jul-2017,Caloocan,NPD,PS-1,0,0,0,0,0,0,0,0,N/A,0,0,1
902,Jul-2017,Caloocan,NPD,PS-1,0,0,0,0,0,0,0,0,N/A,0,0,1
