ID,Date,Location,Police District,Police Station,Police,News,Commission on Human Rights,Police Reports Submitted to the House of Representatives,Task Force Detainees of the Philippines,Philippine Human Rights Information Center,RiseUp for Life and Rights,CCT-DRK Research,Parishes,Assailant
379,Jul-2016,Manila,MPD,PS-3 ,1,1,0.0,,,,,0.0,,Unidentified
380,Jul-2016,Manila,MPD,PS-3 ,1,1,0.0,,,,,0.0,,Unidentified
381,Jul-2016,Manila,MPD,PS-1 ,1,1,0.0,,,,,1.0,0.0,Unidentified
382,Jul-2016,Manila,MPD,PS-3 ,0,1,0.0,,,,,1.0,0.0,Unidentified
383,Jul-2016,Manila,MPD,PS-1 ,1,1,0.0,,,,,0.0,0.0,Unidentified
384,Jul-2016,Manila,MPD,PS-3 ,1,1,0.0,,0.0,,,0.0,0.0,Unidentified
385,Jul-2016,Manila,MPD,PS-9 ,1,1,0.0,,0.0,,,0.0,0.0,Unidentified
386,Jul-2016,Manila,MPD,PS-5 ,1,1,0.0,,0.0,,,0.0,0.0,Unidentified
387,Jul-2016,Manila,MPD,PS-6 ,1,1,0.0,,0.0,,,0.0,0.0,Unidentified
388,Jul-2016,Manila,MPD,PS-1 ,1,1,0.0,,1.0,,,0.0,0.0,Unidentified
389,Jul-2016,Manila,MPD,PS-1 ,0,1,0.0,,0.0,,,0.0,0.0,Unidentified
390,Jul-2016,Manila,MPD,PS-1 ,0,1,0.0,,0.0,,,0.0,0.0,Unidentified
391,Jul-2016,Manila,MPD,PS-10 ,1,1,0.0,,0.0,,,1.0,0.0,Unidentified
392,Jul-2016,Manila,MPD,PS-9 ,1,1,0.0,,0.0,,,0.0,0.0,Unidentified
393,Jul-2016,Manila,MPD,PS-1 ,1,1,0.0,,0.0,,,0.0,0.0,Unidentified
394,Jul-2016,Manila,MPD,PS-11 ,0,1,0.0,,0.0,,,0.0,0.0,Unidentified
395,Jul-2016,Manila,MPD,PS-4 ,1,1,0.0,,0.0,,,0.0,0.0,Unidentified
396,Jul-2016,Manila,MPD,PS-4 ,1,1,0.0,,0.0,,,0.0,0.0,Unidentified
397,Jul-2016,Manila,MPD,PS-5 ,1,1,0.0,,0.0,,,1.0,0.0,Unidentified
398,Jul-2016,Manila,MPD,PS-5 ,1,1,0.0,,0.0,,,1.0,0.0,Unidentified
399,Jul-2016,Manila,MPD,PS-1 ,1,1,0.0,,0.0,,,1.0,0.0,Unidentified
400,Jul-2016,Manila,MPD,PS-5 ,1,1,0.0,,0.0,,,1.0,0.0,Unidentified
401,Jul-2016,Manila,MPD,PS-10 ,0,1,0.0,,0.0,,,0.0,0.0,Unidentified
402,Jul-2016,Manila,MPD,PS-3 ,1,1,0.0,,0.0,,,1.0,0.0,Unidentified
403,Jul-2016,Manila,MPD,PS-3 ,1,1,0.0,,0.0,,,1.0,0.0,Unidentified
404,Jul-2016,Manila,MPD,PS-5 ,1,1,0.0,,0.0,,,0.0,0.0,Unidentified
405,Jul-2016,Manila,MPD,PS-8 ,1,1,0.0,,0.0,,,0.0,0.0,Unidentified
408,Aug-2016,Manila,MPD,PS-10 ,1,1,0.0,,1.0,,,0.0,0.0,Unidentified
409,Aug-2016,Manila,MPD,PS-1 ,1,1,0.0,,0.0,,,1.0,0.0,Unidentified
410,Aug-2016,Manila,MPD,PS-5 ,1,1,0.0,,0.0,,,0.0,0.0,Unidentified
411,Aug-2016,Manila,MPD,PS-1 ,0,1,0.0,,0.0,,,1.0,0.0,Unidentified
412,Sep-2016,Manila,MPD,PS-5 ,1,1,0.0,,0.0,,,1.0,0.0,Unidentified
413,Sep-2016,Manila,MPD,PS-5 ,0,1,0.0,,0.0,,,1.0,0.0,Unidentified
414,Sep-2016,Manila,MPD,PS-5 ,1,1,0.0,,0.0,,,1.0,0.0,Unidentified
415,Sep-2016,Manila,MPD,PS-11 ,1,1,0.0,,0.0,,,1.0,0.0,Unidentified
416,Sep-2016,Manila,MPD,PS-4 ,1,1,0.0,,0.0,,,0.0,0.0,Unidentified
417,Sep-2016,Manila,MPD,PS-4 ,1,1,0.0,,0.0,,,0.0,0.0,Unidentified
418,Sep-2016,Manila,MPD,PS-7 ,1,1,0.0,,0.0,,,0.0,0.0,Unidentified
419,Sep-2016,Manila,MPD,PS-5 ,1,1,0.0,,0.0,,,0.0,0.0,Unidentified
420,Sep-2016,Manila,MPD,PS-6 ,1,1,0.0,,0.0,,,1.0,0.0,Unidentified
421,Sep-2016,Manila,MPD,PS-6 ,0,1,0.0,,0.0,,,1.0,0.0,Unidentified
422,Sep-2016,Manila,MPD,PS-6 ,0,1,0.0,,0.0,,,1.0,1.0,Unidentified
423,Oct-2016,Manila,MPD,PS-4 ,1,1,0.0,0.0,0.0,,,0.0,0.0,Unidentified
424,Oct-2016,Manila,MPD,PS-4 ,1,1,0.0,0.0,0.0,,,0.0,0.0,Unidentified
425,Oct-2016,Manila,MPD,PS-1 ,1,1,0.0,0.0,0.0,,,1.0,0.0,Unidentified
426,Oct-2016,Manila,MPD,PS-6 ,1,1,0.0,0.0,0.0,,,0.0,0.0,Unidentified
427,Oct-2016,Manila,MPD,PS-6 ,1,1,0.0,0.0,0.0,,,1.0,1.0,Unidentified
428,Oct-2016,Manila,MPD,PS-1 ,1,1,0.0,0.0,0.0,,,1.0,0.0,Unidentified
429,Nov-2016,Manila,MPD,PS-6 ,1,1,0.0,0.0,0.0,,,1.0,1.0,Unidentified
430,Nov-2016,Manila,MPD,PS-1,0,1,0.0,0.0,0.0,,,1.0,0.0,Unidentified
431,Nov-2016,Manila,MPD,PS-1 ,1,1,0.0,0.0,0.0,,,0.0,0.0,Unidentified
432,Nov-2016,Manila,MPD,PS-1 ,1,1,0.0,0.0,0.0,,,1.0,0.0,Unidentified
433,Dec-2016,Manila,MPD,PS-1 ,1,1,0.0,0.0,0.0,,,1.0,0.0,Unidentified
434,Dec-2016,Manila,MPD,PS-1 ,1,1,0.0,0.0,0.0,,,1.0,0.0,Unidentified
435,Dec-2016,Manila,MPD,PS-1 ,0,1,0.0,0.0,0.0,,,1.0,0.0,Unidentified
436,Dec-2016,Manila,MPD,PS-1 ,1,1,0.0,0.0,0.0,,,1.0,0.0,Unidentified
437,Dec-2016,Manila,MPD,PS-1,1,1,0.0,0.0,0.0,,,1.0,0.0,Unidentified
438,Jan-2017,Manila,MPD,PS-5 ,1,1,0.0,0.0,0.0,,,0.0,0.0,Unidentified
439,Jan-2017,Manila,MPD,PS-6 ,0,1,0.0,,0.0,,,1.0,1.0,Unidentified
440,Jan-2017,Manila,MPD,PS-1 ,1,1,0.0,,0.0,,,0.0,0.0,Unidentified
441,Jan-2017,Manila,MPD,PS-1 ,0,1,0.0,,0.0,,0.0,1.0,0.0,Unidentified
442,Feb-2017,Manila,MPD,PS-1 ,0,1,0.0,,0.0,,0.0,1.0,0.0,Unidentified
443,Feb-2017,Manila,MPD,PS-11 ,0,1,0.0,,0.0,,0.0,0.0,0.0,Unidentified
444,Mar-2017,Manila,MPD,PS-3 ,1,1,0.0,,0.0,,0.0,1.0,0.0,Unidentified
445,Mar-2017,Manila,MPD,PS-1 ,0,1,0.0,,0.0,,0.0,1.0,0.0,Unidentified
446,Mar-2017,Manila,MPD,PS-1 ,1,1,0.0,,0.0,,0.0,0.0,0.0,Unidentified
447,Apr-2017,Manila,MPD,PS-1 ,0,1,0.0,,0.0,,0.0,1.0,0.0,Unidentified
448,Apr-2017,Manila,MPD,PS-1 ,1,1,0.0,,0.0,,0.0,0.0,0.0,Unidentified
449,May-2017,Manila,MPD,PS-1 ,0,1,,,1.0,0.0,0.0,1.0,0.0,Unidentified
450,May-2017,Manila,MPD,PS-1 ,1,1,,,0.0,0.0,1.0,1.0,0.0,Unidentified
451,May-2017,Manila,MPD,PS-1 ,0,1,,,0.0,0.0,0.0,1.0,0.0,Unidentified
452,May-2017,Manila,MPD,PS-1 ,0,1,,,0.0,0.0,0.0,1.0,0.0,Unidentified
453,May-2017,Manila,MPD,PS-9 ,1,1,,,0.0,0.0,0.0,1.0,0.0,Unidentified
454,May-2017,Manila,MPD,PS-6 ,1,1,,,0.0,0.0,0.0,1.0,1.0,Unidentified
455,Jun-2017,Manila,MPD,PS-4 ,0,1,,,0.0,0.0,0.0,1.0,1.0,Unidentified
456,Jun-2017,Manila,MPD,PS-1 ,0,1,,,0.0,0.0,0.0,1.0,0.0,Unidentified
457,Jun-2017,Manila,MPD,PS-4 ,1,1,,,1.0,0.0,0.0,0.0,1.0,Unidentified
458,Jul-2017,Manila,MPD,PS-5 ,0,1,,,0.0,0.0,0.0,0.0,0.0,Unidentified
459,Jul-2017,Manila,MPD,PS-6 ,1,1,,,0.0,0.0,0.0,1.0,1.0,Unidentified
460,Jul-2017,Manila,MPD,PS-8 ,0,1,,,0.0,0.0,0.0,0.0,0.0,Unidentified
461,Jul-2017,Manila,MPD,PS-6 ,0,1,,,0.0,0.0,0.0,0.0,1.0,Unidentified
462,Jul-2017,Manila,MPD,PS-1 ,0,1,,,0.0,0.0,0.0,0.0,0.0,Unidentified
463,Aug-2017,Manila,MPD,PS-5 ,0,1,,,0.0,0.0,0.0,0.0,0.0,Unidentified
464,Aug-2017,Manila,MPD,PS-5 ,0,1,,,0.0,0.0,0.0,0.0,0.0,Unidentified
465,Aug-2017,Manila,MPD,PS-6 ,1,1,,,0.0,0.0,0.0,0.0,0.0,Unidentified
466,Aug-2017,Manila,MPD,PS-11 ,0,1,,,0.0,0.0,0.0,0.0,0.0,Unidentified
467,Aug-2017,Manila,MPD,PS-11 ,0,1,,,0.0,0.0,0.0,0.0,0.0,Unidentified
468,Sep-2017,Manila,MPD,PS-10 ,1,1,,,0.0,0.0,0.0,0.0,0.0,Unidentified
469,Sep-2017,Manila,MPD,PS-1 ,0,1,,,0.0,0.0,0.0,0.0,0.0,Unidentified
470,Sep-2017,Manila,MPD,PS-1 ,0,1,,,0.0,0.0,0.0,0.0,0.0,Unidentified
471,Sep-2017,Manila,MPD,PS-1 ,0,1,,,0.0,0.0,0.0,0.0,0.0,Unidentified
472,Sep-2017,Manila,MPD,PS-1 ,1,1,,,0.0,0.0,0.0,1.0,0.0,Unidentified
473,Sep-2017,Manila,MPD,PS-4 ,1,1,,,1.0,1.0,0.0,0.0,1.0,Unidentified
474,Oct-2016,Manila,MPD,PS-4 ,1,0,0.0,,0.0,,,0.0,0.0,Unidentified
475,Nov-2016,Manila,MPD,PS-1 ,1,0,0.0,0.0,0.0,,,0.0,0.0,Unidentified
476,Nov-2016,Manila,MPD,PS-1 ,1,0,0.0,0.0,0.0,,,0.0,0.0,Unidentified
477,Nov-2016,Manila,MPD,PS-8 ,1,0,0.0,0.0,0.0,,,0.0,0.0,Unidentified
478,Dec-2016,Manila,MPD,PS-4 ,1,0,0.0,0.0,0.0,,,0.0,0.0,Unidentified
479,Dec-2016,Manila,MPD,PS-1 ,1,0,0.0,0.0,0.0,,,0.0,0.0,Unidentified
480,Dec-2016,Manila,MPD,PS-1 ,1,0,0.0,0.0,0.0,,,0.0,0.0,Unidentified
481,Dec-2016,Manila,MPD,PS-1 ,1,0,0.0,0.0,0.0,,,0.0,0.0,Unidentified
484,Jul-2016,Manila,MPD,PS-2,1,1,,,,,,,,Unidentified
485,Jul-2016,Manila,MPD,PS-1 ,1,0,0.0,,,,,0.0,,Unidentified
486,Jul-2016,Manila,MPD,PS-1 ,1,1,0.0,,0.0,,,0.0,0.0,Unidentified
487,Nov-2016,Manila,MPD,PS-1 ,1,0,0.0,0.0,0.0,,,0.0,0.0,Unidentified
488,Dec-2016,Manila,MPD,PS-1 ,1,0,0.0,0.0,0.0,,,0.0,0.0,Unidentified
489,Dec-2016,Manila,MPD,PS-1 ,1,0,0.0,0.0,0.0,,,0.0,0.0,Unidentified
490,Dec-2016,Manila,MPD,PS-1 ,1,0,0.0,0.0,0.0,,,0.0,0.0,Unidentified
491,Jan-2017,Manila,MPD,PS-1 ,1,0,0.0,,0.0,,0.0,0.0,0.0,Unidentified
494,Jul-2016,Manila,MPD,PS-5 ,1,0,0.0,,0.0,,,0.0,0.0,Unidentified
497,Jul-2016,Manila,MPD,PS-1 ,1,0,0.0,,0.0,,,0.0,0.0,Unidentified
498,Jul-2016,Manila,MPD,PS-1 ,1,1,0.0,,0.0,,,0.0,0.0,Unidentified
499,Jul-2016,Manila,MPD,PS-5 ,1,0,0.0,,0.0,,,0.0,0.0,Unidentified
500,Aug-2016,Manila,MPD,PS-1 ,1,0,0.0,,0.0,,,0.0,0.0,Unidentified
501,Aug-2016,Manila,MPD,PS-7 ,1,0,0.0,,0.0,,,0.0,0.0,Unidentified
502,Aug-2016,Manila,MPD,PS-3 ,1,0,0.0,,0.0,,,0.0,0.0,Unidentified
503,Sep-2016,Manila,MPD,PS-1 ,1,0,0.0,,0.0,,,0.0,0.0,Unidentified
504,Nov-2016,Manila,MPD,PS-8,1,0,0.0,0.0,0.0,,,0.0,0.0,Unidentified
505,Nov-2016,Manila,MPD,PS-1 ,1,0,0.0,0.0,0.0,,,0.0,0.0,Unidentified
506,Nov-2016,Manila,MPD,PS-1 ,1,0,0.0,0.0,0.0,,,0.0,0.0,Unidentified
507,Jan-2017,Manila,MPD,PS-8 ,1,0,0.0,0.0,0.0,,,0.0,0.0,Unidentified
509,Mar-2017,Manila,MPD,PS-9 ,1,1,0.0,,0.0,,0.0,1.0,0.0,Unidentified
597,Nov-2016,Manila,MPD,PS-10 ,0,0,0.0,0.0,1.0,,,0.0,0.0,Unidentified
599,Dec-2016,Manila,MPD,PS-4 ,1,0,0.0,0.0,1.0,,,0.0,1.0,Unidentified
600,Jan-2017,Manila,MPD,PS-4 ,0,0,0.0,,1.0,,0.0,0.0,1.0,Unidentified
603,Jul-2017,Manila,MPD,PS-4 ,1,0,,,1.0,0.0,0.0,0.0,1.0,Unidentified
604,Aug-2017,Manila,MPD,PS-4 ,0,0,,,1.0,0.0,0.0,0.0,1.0,Unidentified
605,Aug-2017,Manila,MPD,PS-4 ,1,0,,,1.0,0.0,0.0,0.0,1.0,Unidentified
606,Aug-2017,Manila,MPD,PS-4 ,0,0,,,1.0,0.0,0.0,0.0,1.0,Unidentified
609,Apr-2017,Manila,MPD,,0,0,,,0.0,1.0,0.0,0.0,0.0,Unidentified
610,Sep-2017,Manila,MPD,,0,0,,,0.0,1.0,0.0,0.0,0.0,Unidentified
611,Sep-2017,Manila,MPD,,0,0,,,0.0,1.0,0.0,0.0,0.0,Unidentified
613,Nov-2017,Manila,MPD,,0,0,,,,1.0,,,,Unidentified
614,May-2017,Manila,MPD,,0,0,,,0.0,1.0,0.0,0.0,0.0,Unidentified
615,Jul-2017,Manila,MPD,,0,0,,,0.0,0.0,1.0,0.0,0.0,Unidentified
616,Aug-2017,Manila,MPD,,0,0,,,0.0,0.0,1.0,0.0,0.0,Unidentified
617,Aug-2017,Manila,MPD,,0,0,,,0.0,0.0,1.0,0.0,0.0,Unidentified
618,Oct-2017,Manila,MPD,,0,0,,,0.0,0.0,1.0,0.0,0.0,Unidentified
621,Oct-2017,Manila,MPD,,0,1,,,0.0,0.0,1.0,0.0,0.0,Unidentified
622,Sep-2016,Manila,MPD,PS-1,1,0,0.0,,0.0,,,0.0,0.0,Unidentified
623,Oct-2016,Manila,MPD,PS-11 ,1,0,0.0,0.0,0.0,,,0.0,0.0,Unidentified
624,Nov-2016,Manila,MPD,PS-2,1,0,0.0,0.0,0.0,,,0.0,0.0,Unidentified
625,Oct-2016,Manila,MPD,PS-6 ,1,0,0.0,0.0,0.0,,,0.0,0.0,Unidentified
626,Nov-2016,Manila,MPD,PS-3 ,1,0,0.0,0.0,0.0,,,0.0,0.0,Unidentified
630,Oct-2016,Manila,MPD,,0,1,0.0,0.0,0.0,,,1.0,0.0,Unidentified
631,Oct-2016,Manila,MPD,,0,1,0.0,0.0,0.0,,,1.0,0.0,Unidentified
634,Jan-2017,Manila,MPD,,0,1,0.0,0.0,0.0,,,1.0,1.0,Unidentified
635,Mar-2017,Manila,MPD,PS-5 ,1,0,0.0,,0.0,,0.0,1.0,0.0,Unidentified
636,Apr-2017,Manila,MPD,PS-7,1,0,,,0.0,0.0,0.0,1.0,0.0,Unidentified
637,Apr-2017,Manila,MPD,,0,0,,,0.0,0.0,0.0,1.0,0.0,Unidentified
641,Dec-2016,Manila,MPD,,0,0,0.0,0.0,0.0,,,0.0,1.0,Unidentified
642,Jan-2017,Manila,MPD,,0,0,0.0,,0.0,,,0.0,1.0,Unidentified
643,Jun-2017,Manila,MPD,,0,0,,,0.0,0.0,0.0,0.0,1.0,Unidentified
644,Jul-2017,Manila,MPD,PS-4 ,1,0,,,0.0,0.0,0.0,0.0,1.0,Unidentified
645,Oct-2017,Manila,MPD,,0,1,,,0.0,0.0,,0.0,1.0,Unidentified
646,Jun-2017,Manila,MPD,,0,1,,,0.0,0.0,0.0,0.0,1.0,Unidentified
647,Jan-2017,Manila,MPD,,1,0,0.0,0.0,0.0,,,0.0,0.0,Unidentified
648,Jan-2017,Manila,MPD,,1,0,0.0,0.0,0.0,,,0.0,0.0,Unidentified
649,Jan-2017,Manila,MPD,,1,1,0.0,0.0,0.0,,,0.0,0.0,Unidentified
651,Jan-2017,Manila,MPD,,0,1,0.0,,0.0,,0.0,0.0,0.0,Unidentified
654,Oct-2017,Manila,MPD,,0,1,,,0.0,0.0,,0.0,,Unidentified
655,Nov-2017,Manila,MPD,,0,1,,,,,,,,Unidentified
656,Dec-2017,Manila,MPD,PS-3,1,1,,,,,,,,Unidentified
657,Dec-2017,Manila,MPD,,0,1,,,,,,,,Unidentified
658,Nov-2016,Manila,MPD,,0,1,0.0,0.0,0.0,,,0.0,0.0,Unidentified
659,Oct-2017,Manila,MPD,,0,1,,,,0.0,,,,Unidentified
660,Aug-2017,Manila,MPD,,0,0,,,1.0,0.0,0.0,0.0,0.0,Unidentified
661,Aug-2017,Manila,MPD,,0,0,,,1.0,0.0,0.0,0.0,0.0,Unidentified
664,Jan-2017,Manila,MPD,,0,0,0.0,0.0,1.0,,,0.0,0.0,Unidentified
665,Sep-2016,Manila,MPD,PS-7 ,0,0,0.0,,1.0,,,0.0,0.0,Unidentified
667,Dec-2016,Manila,MPD,PS-7 ,0,0,0.0,0.0,1.0,,,0.0,0.0,Unidentified
668,Jun-2017,Manila,MPD,PS-10,1,0,,,0.0,0.0,0.0,0.0,0.0,Unidentified
669,Dec-2016,Manila,MPD,PS-5 ,1,0,0.0,0.0,0.0,,,0.0,0.0,Unidentified
670,Feb-2017,Manila,MPD,PS-8,1,0,0.0,,0.0,,0.0,0.0,0.0,Unidentified
671,May-2017,Manila,MPD,PS-9 ,1,0,,,0.0,0.0,0.0,0.0,0.0,Unidentified
672,Mar-2017,Manila,MPD,PS-3,1,0,0.0,,0.0,,0.0,0.0,0.0,Unidentified
673,Mar-2017,Manila,MPD,PS-7 ,1,0,0.0,,0.0,,0.0,0.0,0.0,Unidentified
674,Mar-2017,Manila,MPD,PS-7 ,1,0,0.0,,0.0,,0.0,0.0,0.0,Unidentified
675,Feb-2017,Manila,MPD,PS-7 ,1,0,0.0,,0.0,,0.0,0.0,0.0,Unidentified
676,Feb-2017,Manila,MPD,PS-7 ,1,0,0.0,,0.0,,0.0,0.0,0.0,Unidentified
677,Jan-2017,Manila,MPD,PS-1,1,0,0.0,0.0,0.0,,,0.0,0.0,Unidentified
678,Dec-2016,Manila,MPD,PS-1,1,0,0.0,0.0,0.0,,,0.0,0.0,Unidentified
679,Nov-2016,Manila,MPD,PS-5 ,1,0,0.0,0.0,0.0,,,0.0,0.0,Unidentified
680,Nov-2016,Manila,MPD,PS-7 ,1,0,0.0,0.0,0.0,,,0.0,0.0,Unidentified
681,Oct-2016,Manila,MPD,PS-7 ,1,0,0.0,0.0,0.0,,,0.0,0.0,Unidentified
682,Sep-2016,Manila,MPD,PS-7 ,1,0,0.0,,0.0,,,0.0,0.0,Unidentified
683,Jul-2016,Manila,MPD,PS-2,1,0,0.0,,0.0,,,0.0,0.0,Unidentified
684,Jul-2016,Manila,MPD,PS-7 ,1,0,0.0,,0.0,,,0.0,0.0,Unidentified
685,Jul-2016,Manila,MPD,PS-5 ,1,0,0.0,,0.0,,,0.0,0.0,Unidentified
686,Jul-2016,Manila,MPD,PS-2,1,0,0.0,,,,,0.0,0.0,Unidentified
687,Jul-2017,Manila,MPD,PS-1,1,0,,,0.0,0.0,0.0,0.0,0.0,Unidentified
688,Oct-2016,Manila,MPD,PS-5 ,1,0,0.0,0.0,0.0,,,0.0,0.0,Unidentified
689,Oct-2016,Manila,MPD,PS-5 ,1,0,0.0,0.0,0.0,,,0.0,0.0,Unidentified
690,Sep-2017,Manila,MPD,PS-1,1,0,,,0.0,0.0,0.0,0.0,0.0,Unidentified
691,Dec-2016,Manila,MPD,PS-5 ,1,0,0.0,0.0,0.0,,,0.0,0.0,Unidentified
692,Jun-2017,Manila,MPD,PS-1,1,0,,,0.0,0.0,0.0,0.0,0.0,Unidentified
693,Jul-2017,Manila,MPD,PS-1,1,0,,,0.0,0.0,0.0,0.0,0.0,Unidentified
694,Oct-2017,Manila,MPD,PS-7 ,1,0,,,,0.0,,,,Unidentified
695,Sep-2017,Manila,MPD,PS-3,1,0,,,0.0,0.0,0.0,0.0,0.0,Unidentified
696,Dec-2016,Manila,MPD,PS-1,1,0,0.0,0.0,0.0,,,0.0,0.0,Unidentified
697,Nov-2016,Manila,MPD,PS-1,1,0,0.0,0.0,0.0,,,0.0,0.0,Unidentified
698,Aug-2016,Manila,MPD,PS-7,1,0,0.0,,0.0,,,0.0,0.0,Unidentified
699,Oct-2016,Manila,MPD,PS-8,1,0,0.0,0.0,0.0,,,0.0,0.0,Unidentified
700,Aug-2017,Manila,MPD,PS-9 ,1,0,,,0.0,0.0,0.0,0.0,0.0,Unidentified
701,Feb-2017,Manila,MPD,PS-5 ,1,0,0.0,,0.0,,0.0,0.0,0.0,Unidentified
702,Sep-2016,Manila,MPD,PS-4 ,1,0,0.0,,0.0,,0.0,0.0,0.0,Unidentified
703,Mar-2017,Manila,MPD,PS-5 ,1,0,0.0,,0.0,,0.0,0.0,0.0,Unidentified
704,Jan-2017,Manila,MPD,PS-7,1,0,0.0,,0.0,,0.0,0.0,0.0,Unidentified
705,Jul-2017,Manila,MPD,PS-2,1,0,,,0.0,0.0,0.0,0.0,0.0,Unidentified
706,Sep-2017,Manila,MPD,PS-3,1,0,,,0.0,0.0,0.0,0.0,0.0,Unidentified
707,Apr-2017,Manila,MPD,PS-8,1,0,,,0.0,0.0,0.0,0.0,0.0,Unidentified
708,Aug-2017,Manila,MPD,PS-7,1,0,,,0.0,0.0,0.0,0.0,0.0,Unidentified
709,Jan-2017,Manila,MPD,PS-5 ,1,0,0.0,0.0,0.0,,,0.0,0.0,Unidentified
710,Nov-2016,Manila,MPD,PS-1,1,0,0.0,0.0,0.0,,,0.0,0.0,Unidentified
711,Oct-2016,Manila,MPD,PS-1,1,0,0.0,0.0,0.0,,,0.0,0.0,Unidentified
712,Sep-2016,Manila,MPD,PS-6,1,0,0.0,,0.0,,,0.0,0.0,Unidentified
713,Sep-2016,Manila,MPD,PS-8,1,0,0.0,,0.0,,,0.0,0.0,Unidentified
714,Aug-2016,Manila,MPD,PS-1,1,0,0.0,,0.0,,,0.0,0.0,Unidentified
715,Dec-2016,Manila,MPD,PS-2,1,0,0.0,0.0,0.0,,,0.0,0.0,Unidentified
716,Feb-2017,Manila,MPD,PS-5 ,1,0,0.0,,0.0,,0.0,0.0,0.0,Unidentified
717,Dec-2016,Manila,MPD,PS-5 ,1,0,0.0,0.0,0.0,,,0.0,0.0,Unidentified
718,Nov-2016,Manila,MPD,PS-1,1,0,0.0,0.0,0.0,,,0.0,0.0,Unidentified
719,Jul-2016,Manila,MPD,PS-5 ,1,0,0.0,,0.0,,,0.0,0.0,Unidentified
720,Oct-2017,Manila,MPD,PS-1,1,0,,,0.0,0.0,,0.0,,Unidentified
721,Sep-2017,Manila,MPD,PS-1,1,0,,,0.0,0.0,0.0,0.0,0.0,Unidentified
722,Aug-2016,Manila,MPD,PS-5 ,1,0,0.0,,0.0,,,0.0,0.0,Unidentified
723,Aug-2016,Manila,MPD,PS-5 ,1,0,0.0,,0.0,,,0.0,0.0,Unidentified
724,Aug-2017,Manila,MPD,PS-7,1,0,,,0.0,0.0,0.0,0.0,0.0,Unidentified
725,Aug-2017,Manila,MPD,PS-8,1,0,,,0.0,0.0,0.0,0.0,0.0,Unidentified
726,Sep-2016,Manila,MPD,PS-5 ,1,0,0.0,,0.0,,,0.0,0.0,Unidentified
727,Sep-2016,Manila,MPD,PS-5 ,1,0,0.0,,0.0,,,0.0,0.0,Unidentified
728,Nov-2016,Manila,MPD,PS-3,1,0,0.0,0.0,0.0,,,0.0,0.0,Unidentified
729,Aug-2016,Manila,MPD,PS-3,1,0,0.0,,0.0,,,0.0,0.0,Unidentified
730,Apr-2017,Manila,MPD,PS-7,1,0,,,0.0,0.0,0.0,0.0,0.0,Unidentified
731,Jul-2016,Manila,MPD,PS-1,1,0,0.0,,,,,0.0,,Unidentified
732,Jan-2017,Manila,MPD,PS-5 ,1,0,0.0,0.0,0.0,,,0.0,0.0,Unidentified
733,Nov-2016,Manila,MPD,PS-5 ,1,0,0.0,0.0,0.0,,,0.0,0.0,Unidentified
734,Oct-2017,Manila,MPD,PS-5 ,1,0,,,,0.0,,,,Unidentified
735,Sep-2017,Manila,MPD,PS-9 ,1,0,,,0.0,0.0,0.0,0.0,0.0,Unidentified
736,Feb-2017,Manila,MPD,PS-5 ,1,0,0.0,,0.0,,0.0,0.0,0.0,Unidentified
737,Oct-2017,Manila,MPD,PS-3,1,0,,,0.0,0.0,0.0,0.0,0.0,Unidentified
738,Feb-2017,Manila,MPD,PS-5 ,1,0,0.0,,0.0,,0.0,0.0,0.0,Unidentified
739,Oct-2016,Manila,MPD,PS-5 ,1,0,0.0,0.0,0.0,,,0.0,0.0,Unidentified
740,Dec-2016,Manila,MPD,PS-5 ,1,0,0.0,0.0,0.0,,,0.0,0.0,Unidentified
741,Jul-2017,Manila,MPD,PS-1,1,0,,,0.0,0.0,0.0,0.0,0.0,Unidentified
1,Dec-2016,Manila,MPD,PS-2 ,1,0,0.0,0.0,0.0,,,0.0,0.0,Police
2,Dec-2016,Manila,MPD,PS-11 ,1,0,0.0,0.0,0.0,,,0.0,0.0,Police
3,Dec-2016,Manila,MPD,PS-7 ,1,1,0.0,0.0,0.0,,,1.0,0.0,Police
4,Dec-2016,Manila,MPD,PS-7 ,1,1,0.0,0.0,0.0,,,1.0,0.0,Police
5,Dec-2016,Manila,MPD,PS-8 ,1,1,0.0,0.0,0.0,,,0.0,0.0,Police
6,Dec-2016,Manila,MPD,PS-8 ,1,1,0.0,0.0,0.0,,,0.0,0.0,Police
7,Dec-2016,Manila,MPD,PS-6 ,1,1,0.0,1.0,0.0,,,1.0,0.0,Police
8,Dec-2016,Manila,MPD,PS-10 ,1,1,0.0,1.0,0.0,,,1.0,0.0,Police
9,Dec-2016,Manila,MPD,PS-6 ,1,1,0.0,1.0,0.0,,,1.0,1.0,Police
10,Dec-2016,Manila,MPD,PS-6 ,1,1,0.0,1.0,0.0,,,1.0,1.0,Police
11,Dec-2016,Manila,MPD,PS-1 ,1,0,0.0,1.0,0.0,,,0.0,0.0,Police
12,Dec-2016,Manila,MPD,PS-7 ,1,0,0.0,1.0,0.0,,,0.0,0.0,Police
13,Dec-2016,Manila,MPD,PS-10 ,1,1,0.0,1.0,0.0,,,1.0,0.0,Police
14,Dec-2016,Manila,MPD,PS-9 ,1,0,0.0,1.0,0.0,,,0.0,0.0,Police
15,Dec-2016,Manila,MPD,PS-3 ,1,0,0.0,1.0,0.0,,,0.0,0.0,Police
16,Dec-2016,Manila,MPD,PS-3 ,1,0,0.0,1.0,0.0,,,0.0,0.0,Police
17,Dec-2016,Manila,MPD,PS-11 ,1,0,0.0,1.0,0.0,,,0.0,0.0,Police
18,Dec-2016,Manila,MPD,PS-3 ,1,1,0.0,1.0,0.0,,,1.0,0.0,Police
19,Dec-2016,Manila,MPD,PS-7 ,1,1,0.0,1.0,0.0,,,1.0,0.0,Police
20,Dec-2016,Manila,MPD,PS-7 ,1,1,0.0,1.0,0.0,,,0.0,0.0,Police
21,Dec-2016,Manila,MPD,PS-6 ,1,0,0.0,1.0,0.0,,,0.0,0.0,Police
22,Dec-2016,Manila,MPD,PS-11 ,1,1,0.0,1.0,0.0,,,1.0,0.0,Police
23,Dec-2016,Manila,MPD,PS-11 ,1,1,0.0,1.0,0.0,,,1.0,0.0,Police
24,Dec-2016,Manila,MPD,PS-11 ,1,1,0.0,1.0,0.0,,,1.0,0.0,Police
25,Dec-2016,Manila,MPD,PS-10 ,1,1,0.0,1.0,0.0,,,1.0,0.0,Police
26,Dec-2016,Manila,MPD,PS-1 ,1,0,0.0,0.0,0.0,,,0.0,0.0,Police
27,Dec-2016,Manila,MPD,PS-1 ,1,0,0.0,0.0,0.0,,,0.0,0.0,Police
28,Dec-2016,Manila,MPD,PS-2 ,1,1,0.0,0.0,0.0,,,0.0,0.0,Police
29,Dec-2016,Manila,MPD,PS-7 ,1,0,0.0,0.0,0.0,,,0.0,0.0,Police
30,Dec-2016,Manila,MPD,PS-2 ,1,1,0.0,0.0,0.0,,,0.0,0.0,Police
31,Dec-2016,Manila,MPD,PS-2 ,1,1,0.0,0.0,0.0,,,0.0,0.0,Police
32,Dec-2016,Manila,MPD,PS-2 ,1,0,0.0,0.0,0.0,,,0.0,0.0,Police
33,Dec-2016,Manila,MPD,PS-2 ,1,0,0.0,0.0,0.0,,,0.0,0.0,Police
34,Dec-2016,Manila,MPD,PS-1 ,1,0,0.0,0.0,0.0,,,0.0,0.0,Police
35,Dec-2016,Manila,MPD,PS-2 ,1,0,0.0,0.0,0.0,,,0.0,0.0,Police
36,Feb-2017,Manila,MPD,PS-1 ,1,0,0.0,,0.0,,0.0,0.0,0.0,Police
37,Feb-2017,Manila,MPD,PS-1 ,1,0,0.0,,0.0,,0.0,0.0,0.0,Police
38,Feb-2017,Manila,MPD,PS-1 ,1,0,0.0,,0.0,,0.0,0.0,0.0,Police
39,Jan-2017,Manila,MPD,PS-7 ,1,1,0.0,,0.0,,0.0,1.0,0.0,Police
40,Jan-2017,Manila,MPD,PS-3 ,1,1,0.0,,0.0,,0.0,0.0,0.0,Police
41,Jan-2017,Manila,MPD,PS-6 ,1,1,0.0,,0.0,,0.0,0.0,1.0,Police
42,Jan-2017,Manila,MPD,PS-6 ,1,1,0.0,,0.0,,0.0,0.0,1.0,Police
43,Jan-2017,Manila,MPD,PS-6 ,1,1,0.0,,0.0,,0.0,1.0,1.0,Police
44,Jan-2017,Manila,MPD,PS-11 ,1,1,1.0,,0.0,,,1.0,0.0,Police
45,Jan-2017,Manila,MPD,PS-11 ,1,1,1.0,,0.0,,,1.0,0.0,Police
46,Jan-2017,Manila,MPD,PS-11 ,1,1,1.0,,0.0,,1.0,1.0,0.0,Police
47,Jan-2017,Manila,MPD,PS-2 ,1,1,0.0,,0.0,,,1.0,0.0,Police
48,Jan-2017,Manila,MPD,PS-2 ,1,1,0.0,,0.0,,,1.0,0.0,Police
49,Jan-2017,Manila,MPD,PS-6 ,1,0,0.0,,0.0,,,0.0,0.0,Police
50,Jan-2017,Manila,MPD,PS-4 ,1,1,0.0,,0.0,,,1.0,0.0,Police
51,Jan-2017,Manila,MPD,PS-1 ,1,1,0.0,,0.0,,,1.0,0.0,Police
52,Jan-2017,Manila,MPD,PS-7 ,1,1,0.0,,0.0,,,0.0,0.0,Police
53,Jan-2017,Manila,MPD,PS-1 ,1,0,0.0,0.0,0.0,,,0.0,0.0,Police
54,Jan-2017,Manila,MPD,PS-2 ,1,0,0.0,1.0,0.0,,,0.0,0.0,Police
55,Jan-2017,Manila,MPD,PS-3 ,1,0,0.0,1.0,0.0,,,0.0,0.0,Police
56,Jan-2017,Manila,MPD,PS-7 ,1,0,0.0,0.0,0.0,,,0.0,0.0,Police
57,Jan-2017,Manila,MPD,PS-7 ,1,0,0.0,0.0,0.0,,,0.0,0.0,Police
58,Jan-2017,Manila,MPD,PS-1 ,1,1,0.0,1.0,0.0,,,1.0,0.0,Police
59,Jan-2017,Manila,MPD,PS-8 ,1,1,0.0,1.0,0.0,,,1.0,0.0,Police
60,Jan-2017,Manila,MPD,PS-6 ,1,1,0.0,1.0,0.0,,,0.0,0.0,Police
61,Jan-2017,Manila,MPD,PS-3 ,1,1,1.0,1.0,0.0,,,1.0,0.0,Police
62,Jan-2017,Manila,MPD,PS-6 ,1,1,0.0,1.0,0.0,,,0.0,0.0,Police
63,Jan-2017,Manila,MPD,PS-1 ,1,1,0.0,1.0,0.0,,,0.0,0.0,Police
64,Jan-2017,Manila,MPD,PS-1 ,1,1,0.0,0.0,0.0,,,1.0,0.0,Police
65,Jul-2016,Manila,MPD,PS-5 ,1,1,0.0,,0.0,,,0.0,0.0,Police
66,Jul-2016,Manila,MPD,PS-5 ,1,1,0.0,,0.0,,,1.0,0.0,Police
67,Jul-2016,Manila,MPD,PS-5 ,1,1,0.0,,0.0,,,0.0,0.0,Police
68,Jul-2016,Manila,MPD,PS-2 ,1,0,0.0,,0.0,,,0.0,0.0,Police
69,Jul-2016,Manila,MPD,PS-1 ,1,0,0.0,,0.0,,,0.0,0.0,Police
70,Jul-2016,Manila,MPD,PS-11 ,1,1,0.0,,0.0,,,0.0,0.0,Police
71,Jul-2016,Manila,MPD,PS-11 ,1,1,0.0,,0.0,,,0.0,0.0,Police
72,Jul-2016,Manila,MPD,PS-11 ,1,1,0.0,,0.0,,,0.0,0.0,Police
73,Jul-2016,Manila,MPD,PS-10 ,1,1,1.0,,0.0,,,1.0,0.0,Police
74,Jul-2016,Manila,MPD,PS-10 ,1,1,0.0,,0.0,,,0.0,0.0,Police
75,Jul-2016,Manila,MPD,PS-4 ,1,1,0.0,,0.0,,,0.0,0.0,Police
76,Jul-2016,Manila,MPD,PS-11 ,1,1,0.0,,0.0,,,1.0,0.0,Police
77,Jul-2016,Manila,MPD,PS-11 ,1,1,0.0,,0.0,,,1.0,0.0,Police
78,Jul-2016,Manila,MPD,PS-1 ,1,1,0.0,,0.0,,,1.0,0.0,Police
79,Jul-2016,Manila,MPD,PS-1 ,1,1,0.0,,0.0,,,1.0,0.0,Police
80,Jul-2016,Manila,MPD,PS-2 ,1,1,0.0,,0.0,,,0.0,0.0,Police
81,Jul-2016,Manila,MPD,PS-10 ,1,1,0.0,,0.0,,,1.0,0.0,Police
82,Jul-2016,Manila,MPD,PS-11 ,1,1,0.0,,0.0,,,1.0,0.0,Police
83,Jul-2016,Manila,MPD,PS-3 ,1,1,0.0,,0.0,,,0.0,0.0,Police
84,Jul-2016,Manila,MPD,PS-4 ,1,1,0.0,,0.0,,,1.0,0.0,Police
85,Jul-2016,Manila,MPD,PS-3 ,1,1,0.0,,0.0,,,1.0,0.0,Police
86,Jul-2016,Manila,MPD,PS-5 ,1,1,0.0,,0.0,,,1.0,0.0,Police
87,Jul-2016,Manila,MPD,PS-9 ,1,1,0.0,,0.0,,,0.0,0.0,Police
88,Jul-2016,Manila,MPD,PS-6 ,1,1,0.0,,1.0,,,1.0,1.0,Police
89,Jul-2016,Manila,MPD,PS-6 ,1,1,0.0,,1.0,,,0.0,1.0,Police
90,Jul-2016,Manila,MPD,PS-6 ,1,1,0.0,,1.0,,,1.0,1.0,Police
91,Jul-2016,Manila,MPD,PS-2 ,1,1,0.0,,0.0,,,1.0,0.0,Police
92,Jul-2016,Manila,MPD,PS-5 ,1,1,0.0,,0.0,,,0.0,0.0,Police
93,Jul-2016,Manila,MPD,PS-7 ,1,1,0.0,,0.0,,,1.0,0.0,Police
94,Jul-2016,Manila,MPD,PS-1 ,1,1,0.0,,0.0,,,1.0,0.0,Police
95,Jul-2016,Manila,MPD,PS-2 ,1,0,0.0,,0.0,,,0.0,0.0,Police
96,Jul-2016,Manila,MPD,PS-1 ,1,1,0.0,,0.0,,,1.0,0.0,Police
97,Jul-2016,Manila,MPD,PS-10 ,1,1,0.0,,0.0,,,1.0,0.0,Police
98,Jul-2016,Manila,MPD,PS-10 ,1,1,0.0,,0.0,,,1.0,0.0,Police
99,Jul-2016,Manila,MPD,PS-10 ,1,1,0.0,,0.0,,,0.0,0.0,Police
100,Jul-2016,Manila,MPD,PS-2 ,1,0,0.0,,0.0,,,0.0,0.0,Police
101,Jul-2016,Manila,MPD,PS-11 ,1,1,0.0,,0.0,,,1.0,0.0,Police
102,Jul-2016,Manila,MPD,PS-3 ,1,1,0.0,,0.0,,,1.0,0.0,Police
103,Jul-2016,Manila,MPD,PS-10 ,1,1,0.0,,0.0,,,1.0,0.0,Police
104,Jul-2016,Manila,MPD,PS-4 ,1,1,0.0,,,,,1.0,0.0,Police
105,Jul-2016,Manila,MPD,PS-1 ,1,1,0.0,,,,,1.0,0.0,Police
106,Jul-2016,Manila,MPD,PS-7 ,1,1,0.0,,1.0,,,1.0,0.0,Police
107,Jul-2016,Manila,MPD,PS-7 ,1,1,0.0,,1.0,,,1.0,0.0,Police
108,Jul-2016,Manila,MPD,PS-8 ,1,1,0.0,,,,,0.0,0.0,Police
109,Jul-2016,Manila,MPD,PS-8 ,1,1,0.0,,,,,0.0,0.0,Police
110,Jul-2016,Manila,MPD,PS-1 ,1,0,0.0,,,,,0.0,0.0,Police
111,Jul-2016,Manila,MPD,PS-1 ,1,1,0.0,,,,,1.0,0.0,Police
112,Jul-2016,Manila,MPD,PS-3 ,1,1,0.0,,,,,1.0,,Police
113,Jul-2016,Manila,MPD,PS-3 ,1,0,0.0,,,,,0.0,,Police
114,Jul-2016,Manila,MPD,PS-1 ,1,1,0.0,,,,,1.0,,Police
115,Jul-2016,Manila,MPD,PS-6 ,1,1,1.0,,,,,1.0,1.0,Police
116,Jul-2016,Manila,MPD,PS-1 ,1,1,,,,,,1.0,,Police
117,Jul-2016,Manila,MPD,PS-3 ,1,1,,,,,,0.0,,Police
118,Jul-2016,Manila,MPD,PS-3 ,1,1,,,,,,1.0,,Police
119,Jul-2016,Manila,MPD,PS-3 ,1,1,,,,,,0.0,,Police
120,Jul-2016,Manila,MPD,PS-3 ,1,1,,,,,,0.0,,Police
121,Jul-2016,Manila,MPD,PS-3 ,1,1,,,,,,1.0,,Police
122,Jul-2016,Manila,MPD,PS-11 ,1,1,1.0,,,,,1.0,,Police
123,Mar-2017,Manila,MPD,PS-2 ,1,1,0.0,,0.0,,0.0,1.0,0.0,Police
124,Mar-2017,Manila,MPD,PS-1 ,1,1,0.0,,0.0,,0.0,1.0,0.0,Police
125,Mar-2017,Manila,MPD,PS-1 ,1,0,0.0,,0.0,,0.0,0.0,0.0,Police
126,Mar-2017,Manila,MPD,PS-1 ,1,0,0.0,,0.0,,0.0,0.0,0.0,Police
127,Mar-2017,Manila,MPD,PS-7 ,1,1,0.0,,0.0,,0.0,1.0,0.0,Police
128,Mar-2017,Manila,MPD,PS-7 ,1,0,0.0,,0.0,,0.0,0.0,0.0,Police
129,Mar-2017,Manila,MPD,PS-9 ,1,0,0.0,,0.0,,0.0,0.0,0.0,Police
130,Mar-2017,Manila,MPD,PS-5 ,1,0,0.0,,0.0,,0.0,0.0,0.0,Police
131,Mar-2017,Manila,MPD,PS-1 ,1,0,0.0,,0.0,,0.0,0.0,0.0,Police
132,Mar-2017,Manila,MPD,PS-1 ,1,1,0.0,,0.0,,0.0,1.0,0.0,Police
133,Nov-2016,Manila,MPD,PS-6 ,1,1,0.0,0.0,0.0,,,1.0,1.0,Police
134,Nov-2016,Manila,MPD,PS-3 ,1,1,0.0,0.0,0.0,,,1.0,0.0,Police
135,Nov-2016,Manila,MPD,PS-3 ,1,1,0.0,0.0,0.0,,,1.0,0.0,Police
136,Nov-2016,Manila,MPD,PS-2 ,1,1,0.0,0.0,0.0,,,0.0,0.0,Police
137,Nov-2016,Manila,MPD,PS-2 ,1,0,0.0,0.0,0.0,,,0.0,0.0,Police
138,Nov-2016,Manila,MPD,PS-3 ,1,0,0.0,1.0,0.0,,,0.0,0.0,Police
139,Nov-2016,Manila,MPD,PS-7 ,1,1,0.0,1.0,0.0,,,1.0,0.0,Police
140,Nov-2016,Manila,MPD,PS-1 ,1,1,0.0,1.0,0.0,,,1.0,0.0,Police
141,Nov-2016,Manila,MPD,PS-1 ,1,1,0.0,1.0,0.0,,,1.0,0.0,Police
142,Nov-2016,Manila,MPD,PS-1 ,1,0,0.0,1.0,0.0,,,0.0,0.0,Police
143,Nov-2016,Manila,MPD,PS-1 ,1,0,0.0,1.0,0.0,,,0.0,0.0,Police
144,Nov-2016,Manila,MPD,PS-11 ,1,1,0.0,1.0,0.0,,,1.0,0.0,Police
145,Nov-2016,Manila,MPD,PS-3 ,1,1,0.0,1.0,0.0,,,1.0,0.0,Police
146,Nov-2016,Manila,MPD,PS-3 ,1,1,0.0,1.0,0.0,,,1.0,0.0,Police
147,Nov-2016,Manila,MPD,PS-3 ,1,1,0.0,1.0,0.0,,,1.0,0.0,Police
148,Nov-2016,Manila,MPD,PS-2 ,1,0,0.0,1.0,0.0,,,0.0,0.0,Police
149,Nov-2016,Manila,MPD,PS-4 ,1,0,0.0,1.0,0.0,,,0.0,0.0,Police
150,Nov-2016,Manila,MPD,PS-6 ,1,0,0.0,1.0,0.0,,,0.0,0.0,Police
151,Nov-2016,Manila,MPD,PS-6 ,1,0,0.0,1.0,0.0,,,0.0,0.0,Police
152,Nov-2016,Manila,MPD,PS-2 ,1,0,0.0,1.0,0.0,,,0.0,0.0,Police
153,Nov-2016,Manila,MPD,PS-2 ,1,0,0.0,1.0,0.0,,,0.0,0.0,Police
154,Nov-2016,Manila,MPD,PS-2 ,1,0,0.0,1.0,0.0,,,0.0,0.0,Police
155,Nov-2016,Manila,MPD,PS-2 ,1,1,0.0,1.0,0.0,,,1.0,0.0,Police
156,Nov-2016,Manila,MPD,PS-2 ,1,0,0.0,1.0,0.0,,,0.0,0.0,Police
157,Nov-2016,Manila,MPD,PS-1 ,1,1,0.0,1.0,0.0,,,0.0,0.0,Police
158,Nov-2016,Manila,MPD,PS-2 ,1,0,0.0,1.0,1.0,,,0.0,0.0,Police
159,Nov-2016,Manila,MPD,PS-7 ,1,1,0.0,1.0,0.0,,,1.0,0.0,Police
160,Nov-2016,Manila,MPD,PS-3 ,1,1,0.0,1.0,0.0,,,1.0,0.0,Police
161,Nov-2016,Manila,MPD,PS-3 ,1,1,0.0,1.0,0.0,,,1.0,0.0,Police
162,Nov-2016,Manila,MPD,PS-1 ,1,1,0.0,1.0,0.0,,,1.0,0.0,Police
163,Nov-2016,Manila,MPD,PS-11 ,1,1,0.0,1.0,0.0,,,1.0,0.0,Police
164,Nov-2016,Manila,MPD,PS-11 ,1,1,0.0,1.0,0.0,,,1.0,0.0,Police
165,Nov-2016,Manila,MPD,PS-6 ,1,1,0.0,1.0,0.0,,,1.0,0.0,Police
166,Nov-2016,Manila,MPD,PS-7 ,1,1,0.0,1.0,0.0,,,1.0,0.0,Police
167,Nov-2016,Manila,MPD,PS-3 ,1,0,0.0,1.0,0.0,,,0.0,0.0,Police
168,Nov-2016,Manila,MPD,PS-4 ,1,0,0.0,0.0,0.0,,,0.0,0.0,Police
169,Nov-2016,Manila,MPD,PS-4 ,1,0,0.0,0.0,0.0,,,0.0,0.0,Police
170,Nov-2016,Manila,MPD,PS-7 ,1,0,0.0,0.0,0.0,,,0.0,0.0,Police
171,Nov-2016,Manila,MPD,PS-7 ,1,0,0.0,0.0,0.0,,,0.0,0.0,Police
172,Nov-2016,Manila,MPD,PS-4 ,1,0,0.0,0.0,0.0,,,0.0,0.0,Police
173,Nov-2016,Manila,MPD,PS-5 ,1,1,0.0,0.0,0.0,,,0.0,0.0,Police
174,Nov-2016,Manila,MPD,PS-5 ,1,1,0.0,0.0,0.0,,,1.0,0.0,Police
175,Nov-2016,Manila,MPD,PS-5 ,1,1,0.0,0.0,0.0,,,0.0,0.0,Police
176,Nov-2016,Manila,MPD,PS-5 ,1,1,0.0,0.0,0.0,,,1.0,0.0,Police
177,Nov-2016,Manila,MPD,PS-5 ,1,1,0.0,0.0,0.0,,,0.0,0.0,Police
178,Nov-2016,Manila,MPD,PS-9 ,1,0,0.0,0.0,0.0,,,0.0,0.0,Police
179,Nov-2016,Manila,MPD,PS-8 ,1,0,0.0,0.0,0.0,,,0.0,0.0,Police
180,Nov-2016,Manila,MPD,PS-10 ,1,0,0.0,1.0,0.0,,,0.0,0.0,Police
181,Nov-2016,Manila,MPD,PS-7 ,1,1,0.0,1.0,0.0,,,1.0,0.0,Police
182,Nov-2016,Manila,MPD,PS-1 ,1,1,0.0,1.0,0.0,,,0.0,0.0,Police
183,Oct-2016,Manila,MPD,PS-2 ,1,0,0.0,1.0,0.0,,,0.0,0.0,Police
184,Oct-2016,Manila,MPD,PS-8 ,1,0,0.0,1.0,0.0,,,0.0,0.0,Police
185,Oct-2016,Manila,MPD,PS-9 ,1,0,0.0,1.0,0.0,,,0.0,0.0,Police
186,Oct-2016,Manila,MPD,PS-9 ,1,0,0.0,1.0,0.0,,,0.0,0.0,Police
187,Oct-2016,Manila,MPD,PS-3 ,1,1,0.0,1.0,0.0,,,1.0,0.0,Police
188,Oct-2016,Manila,MPD,PS-11 ,1,1,0.0,1.0,0.0,,,1.0,0.0,Police
189,Oct-2016,Manila,MPD,PS-11 ,1,1,0.0,1.0,0.0,,,1.0,0.0,Police
190,Oct-2016,Manila,MPD,PS-6 ,1,1,0.0,0.0,0.0,,,0.0,1.0,Police
191,Oct-2016,Manila,MPD,PS-6 ,1,1,0.0,0.0,0.0,,,1.0,1.0,Police
192,Oct-2016,Manila,MPD,PS-6 ,1,1,0.0,0.0,0.0,,,0.0,1.0,Police
193,Oct-2016,Manila,MPD,PS-3 ,1,1,0.0,0.0,0.0,,,0.0,0.0,Police
194,Oct-2016,Manila,MPD,PS-3 ,1,1,0.0,0.0,0.0,,,1.0,0.0,Police
195,Oct-2016,Manila,MPD,PS-1 ,1,1,0.0,0.0,0.0,,,1.0,0.0,Police
196,Oct-2016,Manila,MPD,PS-1 ,1,1,0.0,0.0,0.0,,,1.0,0.0,Police
197,Oct-2016,Manila,MPD,PS-1 ,1,1,0.0,0.0,0.0,,,0.0,0.0,Police
198,Oct-2016,Manila,MPD,PS-8 ,1,0,0.0,0.0,0.0,,,1.0,0.0,Police
199,Oct-2016,Manila,MPD,PS-7 ,1,1,0.0,0.0,0.0,,,1.0,0.0,Police
200,Oct-2016,Manila,MPD,PS-3 ,1,0,0.0,0.0,0.0,,,0.0,0.0,Police
201,Oct-2016,Manila,MPD,PS-3 ,1,0,0.0,0.0,0.0,,,0.0,0.0,Police
202,Oct-2016,Manila,MPD,PS-3 ,1,0,0.0,0.0,0.0,,,1.0,0.0,Police
203,Oct-2016,Manila,MPD,PS-3 ,1,0,0.0,1.0,0.0,,,0.0,0.0,Police
204,Oct-2016,Manila,MPD,PS-9 ,1,1,0.0,1.0,0.0,,,0.0,0.0,Police
205,Oct-2016,Manila,MPD,PS-9 ,1,1,0.0,1.0,0.0,,,0.0,0.0,Police
206,Oct-2016,Manila,MPD,PS-9 ,1,1,0.0,1.0,0.0,,,0.0,0.0,Police
207,Oct-2016,Manila,MPD,PS-9 ,1,1,0.0,1.0,0.0,,,0.0,0.0,Police
208,Oct-2016,Manila,MPD,PS-3 ,1,0,0.0,1.0,0.0,,,0.0,0.0,Police
209,Oct-2016,Manila,MPD,PS-10 ,1,1,0.0,1.0,0.0,,,1.0,0.0,Police
210,Oct-2016,Manila,MPD,PS-2 ,1,0,0.0,1.0,0.0,,,0.0,0.0,Police
211,Oct-2016,Manila,MPD,PS-7 ,1,1,0.0,1.0,0.0,,,1.0,0.0,Police
212,Oct-2016,Manila,MPD,PS-7 ,1,1,0.0,1.0,0.0,,,0.0,0.0,Police
213,Oct-2016,Manila,MPD,PS-3 ,1,0,0.0,1.0,0.0,,,0.0,0.0,Police
214,Oct-2016,Manila,MPD,PS-3 ,1,0,0.0,1.0,0.0,,,0.0,0.0,Police
215,Oct-2016,Manila,MPD,PS-8 ,1,1,0.0,1.0,0.0,,,0.0,0.0,Police
216,Oct-2016,Manila,MPD,PS-3 ,1,1,0.0,1.0,0.0,,,0.0,0.0,Police
217,Oct-2016,Manila,MPD,PS-3 ,1,1,0.0,1.0,0.0,,,0.0,0.0,Police
218,Oct-2016,Manila,MPD,PS-3 ,1,1,0.0,1.0,0.0,,,0.0,0.0,Police
219,Oct-2016,Manila,MPD,PS-3 ,1,1,0.0,1.0,0.0,,,0.0,0.0,Police
220,Oct-2016,Manila,MPD,PS-8 ,1,1,0.0,1.0,0.0,,,1.0,0.0,Police
221,Oct-2016,Manila,MPD,PS-8 ,1,1,0.0,1.0,0.0,,,1.0,0.0,Police
222,Oct-2016,Manila,MPD,PS-5 ,1,0,0.0,1.0,0.0,,,0.0,0.0,Police
223,Oct-2016,Manila,MPD,PS-11 ,1,1,0.0,1.0,0.0,,,1.0,0.0,Police
224,Oct-2016,Manila,MPD,PS-11 ,1,1,0.0,1.0,0.0,,,1.0,0.0,Police
225,Oct-2016,Manila,MPD,PS-11 ,1,1,0.0,1.0,0.0,,,1.0,0.0,Police
226,Oct-2016,Manila,MPD,PS-1 ,1,1,0.0,1.0,0.0,,,1.0,0.0,Police
227,Oct-2016,Manila,MPD,PS-1 ,1,1,0.0,1.0,0.0,,,1.0,0.0,Police
228,Oct-2016,Manila,MPD,PS-1 ,1,1,0.0,1.0,0.0,,,1.0,0.0,Police
229,Oct-2016,Manila,MPD,PS-1 ,1,0,0.0,1.0,0.0,,,0.0,0.0,Police
230,Oct-2016,Manila,MPD,PS-10 ,1,1,0.0,,0.0,,,1.0,0.0,Police
231,Oct-2016,Manila,MPD,PS-7 ,1,1,0.0,,0.0,,,1.0,0.0,Police
232,Oct-2016,Manila,MPD,PS-7 ,1,1,0.0,,0.0,,,1.0,0.0,Police
233,Oct-2016,Manila,MPD,PS-11 ,1,1,0.0,,0.0,,,1.0,0.0,Police
234,Oct-2016,Manila,MPD,PS-11 ,1,1,0.0,,0.0,,,0.0,0.0,Police
235,Oct-2016,Manila,MPD,PS-11 ,1,1,0.0,,0.0,,,0.0,0.0,Police
236,Sep-2016,Manila,MPD,PS-2 ,1,0,0.0,,0.0,,,0.0,0.0,Police
237,Sep-2016,Manila,MPD,PS-6 ,1,0,0.0,,0.0,,,0.0,0.0,Police
238,Sep-2016,Manila,MPD,PS-4 ,1,1,0.0,,0.0,,,0.0,0.0,Police
239,Sep-2016,Manila,MPD,PS-3 ,1,1,0.0,,0.0,,,1.0,0.0,Police
240,Sep-2016,Manila,MPD,PS-3 ,1,1,0.0,,0.0,,,1.0,0.0,Police
241,Sep-2016,Manila,MPD,PS-3 ,1,1,0.0,,0.0,,,0.0,0.0,Police
242,Sep-2016,Manila,MPD,PS-2 ,1,1,0.0,,0.0,,,0.0,0.0,Police
243,Sep-2016,Manila,MPD,PS-2 ,1,1,0.0,,0.0,,,0.0,0.0,Police
244,Sep-2016,Manila,MPD,PS-11 ,1,1,0.0,,0.0,,,0.0,0.0,Police
245,Sep-2016,Manila,MPD,PS-11 ,1,1,0.0,,0.0,,,1.0,0.0,Police
246,Sep-2016,Manila,MPD,PS-11 ,1,1,0.0,,0.0,,,1.0,0.0,Police
247,Sep-2016,Manila,MPD,PS-2 ,1,1,0.0,,0.0,,,0.0,0.0,Police
248,Sep-2016,Manila,MPD,PS-7 ,1,1,0.0,,0.0,,,0.0,0.0,Police
249,Sep-2016,Manila,MPD,PS-7 ,1,1,0.0,,0.0,,,0.0,0.0,Police
250,Sep-2016,Manila,MPD,PS-5 ,1,0,0.0,,0.0,,,0.0,0.0,Police
251,Sep-2016,Manila,MPD,PS-2 ,1,0,0.0,,0.0,,,0.0,0.0,Police
252,Sep-2016,Manila,MPD,PS-10 ,1,1,0.0,,0.0,,,1.0,0.0,Police
253,Sep-2016,Manila,MPD,PS-11 ,1,1,0.0,,0.0,,,1.0,0.0,Police
254,Sep-2016,Manila,MPD,PS-11 ,1,1,0.0,,0.0,,,1.0,0.0,Police
255,Sep-2016,Manila,MPD,PS-2 ,1,0,0.0,,0.0,,,0.0,0.0,Police
256,Sep-2016,Manila,MPD,PS-2 ,1,1,0.0,,0.0,,,0.0,0.0,Police
257,Sep-2016,Manila,MPD,PS-9 ,1,1,0.0,,0.0,,,0.0,0.0,Police
258,Sep-2016,Manila,MPD,PS-9 ,1,1,0.0,,0.0,,,0.0,0.0,Police
259,Sep-2016,Manila,MPD,PS-9 ,1,1,0.0,,0.0,,,0.0,0.0,Police
260,Sep-2016,Manila,MPD,PS-6 ,1,1,0.0,,0.0,,,1.0,0.0,Police
261,Sep-2016,Manila,MPD,PS-4 ,1,1,0.0,,0.0,,,0.0,0.0,Police
262,Sep-2016,Manila,MPD,PS-4 ,1,1,0.0,,0.0,,,1.0,0.0,Police
263,Sep-2016,Manila,MPD,PS-3 ,1,1,0.0,,0.0,,,1.0,0.0,Police
264,Sep-2016,Manila,MPD,PS-7 ,1,1,0.0,,0.0,,,1.0,0.0,Police
265,Sep-2016,Manila,MPD,PS-11 ,1,1,0.0,,0.0,,,1.0,0.0,Police
266,Sep-2016,Manila,MPD,PS-11 ,1,1,0.0,,0.0,,,1.0,0.0,Police
267,Sep-2016,Manila,MPD,PS-11 ,1,1,0.0,,0.0,,,0.0,0.0,Police
268,Sep-2016,Manila,MPD,PS-11 ,1,1,0.0,,0.0,,,0.0,0.0,Police
269,Sep-2016,Manila,MPD,PS-7 ,1,1,0.0,,0.0,,,0.0,0.0,Police
270,Sep-2016,Manila,MPD,PS-5 ,1,1,0.0,,0.0,,,0.0,0.0,Police
271,Sep-2016,Manila,MPD,PS-3 ,1,1,0.0,,0.0,,,1.0,0.0,Police
272,Sep-2016,Manila,MPD,PS-3 ,1,1,0.0,,0.0,,,0.0,0.0,Police
273,Sep-2016,Manila,MPD,PS-3 ,1,1,0.0,,0.0,,,1.0,0.0,Police
274,Sep-2016,Manila,MPD,PS-1 ,1,1,0.0,,0.0,,,1.0,0.0,Police
275,Sep-2016,Manila,MPD,PS-7 ,1,1,0.0,,0.0,,,1.0,0.0,Police
276,Sep-2016,Manila,MPD,PS-10 ,1,1,0.0,,0.0,,,1.0,0.0,Police
277,Sep-2016,Manila,MPD,PS-3 ,1,1,0.0,,0.0,,,1.0,0.0,Police
278,Sep-2016,Manila,MPD,PS-3 ,1,1,0.0,,0.0,,,1.0,0.0,Police
279,Sep-2016,Manila,MPD,PS-2 ,1,0,0.0,,0.0,,,0.0,0.0,Police
280,Sep-2016,Manila,MPD,PS-11 ,1,0,0.0,,0.0,,,0.0,0.0,Police
281,Sep-2016,Manila,MPD,PS-9 ,1,0,0.0,,0.0,,,0.0,0.0,Police
282,Sep-2016,Manila,MPD,PS-9 ,1,0,0.0,,0.0,,,0.0,0.0,Police
283,Sep-2016,Manila,MPD,PS-3 ,1,1,0.0,,0.0,,,0.0,0.0,Police
284,Sep-2016,Manila,MPD,PS-1 ,1,1,0.0,,0.0,,,1.0,0.0,Police
285,Sep-2016,Manila,MPD,PS-2 ,1,1,0.0,,1.0,,,0.0,0.0,Police
286,Sep-2016,Manila,MPD,PS-6 ,1,1,0.0,,0.0,,,1.0,0.0,Police
287,Sep-2016,Manila,MPD,PS-6 ,1,1,0.0,,0.0,,,1.0,0.0,Police
288,Sep-2016,Manila,MPD,PS-9 ,1,1,1.0,,0.0,,,1.0,0.0,Police
289,Sep-2016,Manila,MPD,PS-7 ,1,1,0.0,,0.0,,,1.0,0.0,Police
290,Sep-2016,Manila,MPD,PS-11 ,1,1,0.0,,0.0,,,1.0,0.0,Police
291,Sep-2016,Manila,MPD,PS-11 ,1,1,0.0,,0.0,,,1.0,0.0,Police
292,Sep-2016,Manila,MPD,PS-11 ,1,1,0.0,,0.0,,,0.0,0.0,Police
293,Sep-2016,Manila,MPD,PS-11 ,1,1,0.0,,0.0,,,1.0,0.0,Police
294,Sep-2016,Manila,MPD,PS-5 ,1,0,0.0,,0.0,,,0.0,0.0,Police
295,Sep-2016,Manila,MPD,PS-7 ,1,1,0.0,,0.0,,,1.0,0.0,Police
296,Sep-2016,Manila,MPD,PS-10 ,1,1,0.0,,0.0,,,1.0,0.0,Police
297,Sep-2016,Manila,MPD,PS-11 ,1,1,0.0,,0.0,,,0.0,0.0,Police
298,Sep-2016,Manila,MPD,PS-9 ,1,1,0.0,,0.0,,,0.0,0.0,Police
299,Sep-2016,Manila,MPD,PS-9 ,1,1,0.0,,0.0,,,0.0,0.0,Police
300,Sep-2016,Manila,MPD,PS-3 ,1,1,0.0,,0.0,,,0.0,0.0,Police
301,Sep-2016,Manila,MPD,PS-11 ,1,0,1.0,,0.0,,,0.0,0.0,Police
302,Sep-2016,Manila,MPD,PS-8 ,1,0,0.0,,0.0,,,0.0,0.0,Police
303,Sep-2016,Manila,MPD,PS-1 ,1,0,0.0,,0.0,,,0.0,0.0,Police
304,Sep-2016,Manila,MPD,PS-8 ,1,0,0.0,,0.0,,,0.0,0.0,Police
305,Sep-2016,Manila,MPD,PS-2 ,1,0,0.0,,0.0,,,0.0,0.0,Police
306,Sep-2016,Manila,MPD,PS-9 ,1,0,0.0,,0.0,,,0.0,0.0,Police
307,Sep-2016,Manila,MPD,PS-9 ,1,0,0.0,,0.0,,,0.0,0.0,Police
308,Sep-2016,Manila,MPD,PS-11 ,1,1,0.0,,0.0,,,0.0,0.0,Police
309,Sep-2016,Manila,MPD,PS-3 ,1,1,0.0,,0.0,,,0.0,0.0,Police
310,Sep-2016,Manila,MPD,PS-3 ,1,1,0.0,,0.0,,,0.0,0.0,Police
311,Sep-2016,Manila,MPD,PS-3 ,1,1,0.0,,0.0,,,0.0,0.0,Police
312,Sep-2016,Manila,MPD,PS-11 ,1,0,0.0,,0.0,,,0.0,0.0,Police
313,Aug-2016,Manila,MPD,PS-5 ,1,0,0.0,,0.0,,,0.0,0.0,Police
314,Aug-2016,Manila,MPD,PS-4 ,1,1,0.0,,0.0,,,0.0,0.0,Police
315,Aug-2016,Manila,MPD,PS-4 ,1,1,0.0,,0.0,,,0.0,0.0,Police
316,Aug-2016,Manila,MPD,PS-2 ,1,1,0.0,,0.0,,,0.0,0.0,Police
317,Aug-2016,Manila,MPD,PS-10 ,1,1,0.0,,0.0,,,0.0,0.0,Police
318,Aug-2016,Manila,MPD,PS-1 ,1,1,0.0,,0.0,,,1.0,0.0,Police
319,Aug-2016,Manila,MPD,PS-2 ,1,1,0.0,,0.0,,,0.0,0.0,Police
320,Aug-2016,Manila,MPD,PS-7 ,1,1,0.0,,1.0,,,1.0,0.0,Police
321,Aug-2016,Manila,MPD,PS-7 ,1,1,0.0,,1.0,,,1.0,0.0,Police
322,Aug-2016,Manila,MPD,PS-6 ,1,1,1.0,,0.0,,,0.0,1.0,Police
323,Aug-2016,Manila,MPD,PS-3 ,1,1,0.0,,0.0,,,1.0,0.0,Police
324,Aug-2016,Manila,MPD,PS-3 ,1,1,0.0,,0.0,,,1.0,0.0,Police
325,Aug-2016,Manila,MPD,PS-3 ,1,1,0.0,,0.0,,,0.0,0.0,Police
326,Aug-2016,Manila,MPD,PS-3 ,1,1,0.0,,0.0,,,1.0,0.0,Police
327,Aug-2016,Manila,MPD,PS-3 ,1,1,0.0,,0.0,,,1.0,0.0,Police
328,Aug-2016,Manila,MPD,PS-9 ,1,1,0.0,,0.0,,,0.0,0.0,Police
329,Aug-2016,Manila,MPD,PS-11 ,1,0,0.0,,0.0,,,0.0,0.0,Police
330,Aug-2016,Manila,MPD,PS-10 ,1,1,0.0,,0.0,,,1.0,0.0,Police
331,Aug-2016,Manila,MPD,PS-3 ,1,1,0.0,,0.0,,,1.0,0.0,Police
332,Aug-2016,Manila,MPD,PS-3 ,1,1,0.0,,0.0,,,0.0,0.0,Police
333,Aug-2016,Manila,MPD,PS-2 ,1,0,0.0,,0.0,,,0.0,0.0,Police
334,Aug-2016,Manila,MPD,PS-11 ,1,1,0.0,,0.0,,,1.0,0.0,Police
335,Aug-2016,Manila,MPD,PS-1 ,1,0,0.0,,0.0,,,0.0,0.0,Police
336,Aug-2016,Manila,MPD,PS-11 ,1,1,0.0,,0.0,,,0.0,0.0,Police
337,Aug-2016,Manila,MPD,PS-2 ,1,1,0.0,,0.0,,,0.0,0.0,Police
338,Aug-2016,Manila,MPD,PS-7 ,1,0,0.0,,0.0,,,0.0,0.0,Police
339,Aug-2016,Manila,MPD,PS-10 ,1,1,0.0,,0.0,,,1.0,0.0,Police
340,Aug-2016,Manila,MPD,PS-10 ,1,1,0.0,,0.0,,,0.0,0.0,Police
341,Aug-2016,Manila,MPD,PS-1 ,1,1,0.0,,1.0,,,1.0,0.0,Police
342,Aug-2016,Manila,MPD,PS-4 ,1,1,0.0,,0.0,,,0.0,0.0,Police
343,Aug-2016,Manila,MPD,PS-3 ,1,1,0.0,,0.0,,,1.0,0.0,Police
344,Aug-2016,Manila,MPD,PS-4 ,1,1,0.0,,0.0,,,0.0,0.0,Police
345,Aug-2016,Manila,MPD,PS-4 ,1,1,0.0,,0.0,,,0.0,0.0,Police
346,Aug-2016,Manila,MPD,PS-4 ,1,1,0.0,,0.0,,,1.0,0.0,Police
347,Aug-2016,Manila,MPD,PS-2 ,1,0,0.0,,0.0,,,0.0,0.0,Police
348,Aug-2016,Manila,MPD,PS-2 ,1,0,0.0,,0.0,,,0.0,0.0,Police
349,Aug-2016,Manila,MPD,PS-6 ,1,1,0.0,,0.0,,,1.0,0.0,Police
350,Aug-2016,Manila,MPD,PS-6 ,1,1,0.0,,0.0,,,1.0,0.0,Police
351,Aug-2016,Manila,MPD,PS-2 ,1,0,0.0,,0.0,,,0.0,0.0,Police
352,Aug-2016,Manila,MPD,PS-2 ,1,0,0.0,,0.0,,,0.0,0.0,Police
353,Aug-2016,Manila,MPD,PS-10 ,1,1,0.0,,0.0,,,0.0,0.0,Police
354,Aug-2016,Manila,MPD,PS-10 ,1,1,0.0,,0.0,,,0.0,0.0,Police
355,Aug-2016,Manila,MPD,PS-7 ,1,1,0.0,,0.0,,,0.0,0.0,Police
356,Aug-2016,Manila,MPD,PS-4 ,1,1,0.0,,0.0,,,0.0,0.0,Police
357,Aug-2016,Manila,MPD,PS-4 ,1,1,0.0,,0.0,,,0.0,0.0,Police
358,Aug-2016,Manila,MPD,PS-11 ,1,0,0.0,,0.0,,,0.0,0.0,Police
359,Aug-2016,Manila,MPD,PS-5 ,1,1,0.0,,0.0,,,1.0,0.0,Police
360,Aug-2016,Manila,MPD,PS-5 ,1,1,0.0,,0.0,,,1.0,0.0,Police
361,Aug-2016,Manila,MPD,PS-2 ,1,1,0.0,,0.0,,,1.0,0.0,Police
362,Aug-2016,Manila,MPD,PS-11 ,1,0,0.0,,0.0,,,0.0,0.0,Police
363,Aug-2016,Manila,MPD,PS-4 ,1,1,0.0,,0.0,,,0.0,0.0,Police
364,Aug-2016,Manila,MPD,PS-1 ,1,1,0.0,,0.0,,,1.0,0.0,Police
365,Aug-2016,Manila,MPD,PS-4 ,1,0,0.0,,1.0,,,0.0,1.0,Police
366,Aug-2016,Manila,MPD,PS-4 ,1,0,0.0,,1.0,,,0.0,1.0,Police
367,Aug-2016,Manila,MPD,PS-10 ,1,1,0.0,,0.0,,,1.0,0.0,Police
368,Aug-2016,Manila,MPD,PS-10 ,1,1,0.0,,0.0,,,1.0,0.0,Police
369,Aug-2016,Manila,MPD,PS-6 ,1,1,0.0,,0.0,,,1.0,1.0,Police
370,Aug-2016,Manila,MPD,PS-7 ,1,0,0.0,,0.0,,,1.0,0.0,Police
371,Aug-2016,Manila,MPD,PS-7 ,1,1,0.0,,0.0,,,1.0,0.0,Police
372,Aug-2016,Manila,MPD,PS-7 ,1,1,0.0,,1.0,,,1.0,0.0,Police
373,Aug-2016,Manila,MPD,PS-4 ,1,1,0.0,,0.0,,,1.0,0.0,Police
374,Aug-2016,Manila,MPD,PS-11 ,1,0,0.0,,0.0,,,0.0,0.0,Police
375,Aug-2016,Manila,MPD,PS-8 ,1,1,0.0,,0.0,,,1.0,0.0,Police
376,Aug-2016,Manila,MPD,PS-9 ,1,1,0.0,,0.0,,,1.0,0.0,Police
377,Aug-2016,Manila,MPD,PS-8 ,1,1,0.0,,0.0,,,1.0,0.0,Police
378,Aug-2016,Manila,MPD,PS-4 ,1,1,0.0,,0.0,,,0.0,0.0,Police
406,Aug-2016,Manila,MPD,PS-4 ,0,1,0.0,,0.0,,,0.0,0.0,Police
407,Sep-2016,Manila,MPD,PS-1 ,0,1,0.0,,0.0,,,1.0,0.0,Police
482,Apr-2017,Manila,MPD,PS-8 ,0,0,1.0,,0.0,,0.0,0.0,0.0,Police
483,Apr-2017,Manila,MPD,PS-8 ,0,0,1.0,,0.0,,0.0,0.0,0.0,Police
495,Aug-2016,Manila,MPD,PS-9 ,1,0,0.0,,0.0,,,0.0,0.0,Police
496,Dec-2016,Manila,MPD,PS-5 ,1,0,0.0,0.0,0.0,,,0.0,0.0,Police
510,Apr-2017,Manila,MPD,PS-3 ,0,1,,,0.0,,0.0,0.0,0.0,Police
511,Apr-2017,Manila,MPD,PS-3 ,0,1,,,0.0,,0.0,0.0,0.0,Police
512,Apr-2017,Manila,MPD,PS-3 ,0,1,,,0.0,0.0,0.0,1.0,0.0,Police
513,Apr-2017,Manila,MPD,PS-1 ,0,1,,,0.0,0.0,0.0,0.0,0.0,Police
514,Apr-2017,Manila,MPD,PS-3 ,0,1,,,0.0,0.0,0.0,1.0,0.0,Police
515,Apr-2017,Manila,MPD,PS-3 ,0,1,,,0.0,0.0,0.0,1.0,0.0,Police
516,Apr-2017,Manila,MPD,PS-1 ,0,1,,,0.0,0.0,0.0,1.0,0.0,Police
517,Apr-2017,Manila,MPD,PS-4 ,0,1,,,0.0,0.0,0.0,1.0,0.0,Police
518,Apr-2017,Manila,MPD,PS-3 ,0,1,,,0.0,0.0,0.0,1.0,0.0,Police
519,May-2017,Manila,MPD,PS-3 ,0,1,,,0.0,0.0,0.0,1.0,0.0,Police
520,May-2017,Manila,MPD,PS-3 ,0,1,,,0.0,0.0,0.0,1.0,0.0,Police
521,May-2017,Manila,MPD,PS-6 ,0,1,,,0.0,0.0,0.0,1.0,1.0,Police
522,May-2017,Manila,MPD,PS-1 ,0,1,,,0.0,0.0,0.0,1.0,0.0,Police
523,May-2017,Manila,MPD,PS-1 ,0,1,,,0.0,0.0,1.0,1.0,0.0,Police
524,May-2017,Manila,MPD,PS-8,0,1,,,0.0,0.0,0.0,0.0,0.0,Police
525,May-2017,Manila,MPD,PS-8,0,1,,,0.0,0.0,0.0,1.0,0.0,Police
526,May-2017,Manila,MPD,PS-10 ,0,1,,,0.0,0.0,0.0,1.0,0.0,Police
527,May-2017,Manila,MPD,PS-6 ,0,1,,,0.0,0.0,0.0,1.0,1.0,Police
528,May-2017,Manila,MPD,PS-3 ,0,1,,,0.0,0.0,0.0,1.0,0.0,Police
529,May-2017,Manila,MPD,PS-3 ,0,1,,,0.0,0.0,0.0,1.0,0.0,Police
530,May-2017,Manila,MPD,PS-1 ,0,1,,,0.0,0.0,0.0,1.0,0.0,Police
531,May-2017,Manila,MPD,PS-3 ,0,1,,,0.0,0.0,0.0,1.0,0.0,Police
532,May-2017,Manila,MPD,PS-3 ,0,1,,,0.0,0.0,0.0,1.0,0.0,Police
533,May-2017,Manila,MPD,PS-3 ,0,1,,,0.0,0.0,0.0,1.0,0.0,Police
534,May-2017,Manila,MPD,PS-3 ,0,1,,,0.0,0.0,0.0,1.0,0.0,Police
535,Jun-2017,Manila,MPD,PS-1 ,0,1,,,0.0,0.0,0.0,1.0,0.0,Police
536,Jun-2017,Manila,MPD,PS-10 ,0,1,,,0.0,0.0,0.0,1.0,0.0,Police
537,Jun-2017,Manila,MPD,PS-6 ,0,1,,,0.0,0.0,0.0,1.0,1.0,Police
538,Jun-2017,Manila,MPD,PS-3 ,0,1,,,0.0,0.0,0.0,1.0,0.0,Police
539,Jun-2017,Manila,MPD,PS-3 ,0,1,,,0.0,0.0,0.0,0.0,0.0,Police
540,Jun-2017,Manila,MPD,PS-5 ,0,1,,,0.0,0.0,0.0,0.0,0.0,Police
541,Jun-2017,Manila,MPD,PS-6 ,0,1,,,0.0,0.0,0.0,0.0,0.0,Police
542,Jul-2017,Manila,MPD,PS-6 ,0,1,,,0.0,0.0,0.0,0.0,1.0,Police
543,Jul-2017,Manila,MPD,PS-1 ,0,1,,,0.0,0.0,0.0,0.0,0.0,Police
544,Jul-2017,Manila,MPD,PS-10 ,0,1,,,0.0,0.0,0.0,0.0,0.0,Police
545,Jul-2017,Manila,MPD,PS-10,0,1,,,0.0,0.0,0.0,0.0,0.0,Police
546,Jul-2017,Manila,MPD,PS-11 ,0,1,,,0.0,0.0,0.0,0.0,0.0,Police
547,Jul-2017,Manila,MPD,PS-10 ,0,1,,,0.0,0.0,0.0,0.0,0.0,Police
548,Jul-2017,Manila,MPD,PS-10 ,0,1,,,0.0,0.0,0.0,0.0,0.0,Police
549,Jul-2017,Manila,MPD,PS-3 ,0,1,,,0.0,0.0,0.0,0.0,0.0,Police
550,Jul-2017,Manila,MPD,PS-3 ,0,1,,,0.0,0.0,0.0,0.0,0.0,Police
551,Jul-2017,Manila,MPD,PS-2,0,1,,,0.0,0.0,0.0,0.0,0.0,Police
552,Jul-2017,Manila,MPD,PS-3 ,0,1,,,0.0,0.0,0.0,0.0,0.0,Police
553,Jul-2017,Manila,MPD,PS-6,0,1,,,0.0,0.0,0.0,0.0,0.0,Police
554,Jul-2017,Manila,MPD,PS-6 ,0,1,,,0.0,0.0,0.0,0.0,0.0,Police
555,Jul-2017,Manila,MPD,PS-4 ,0,1,,,0.0,0.0,0.0,0.0,0.0,Police
556,Jul-2017,Manila,MPD,PS-4 ,0,1,,,0.0,0.0,0.0,0.0,0.0,Police
557,Jul-2017,Manila,MPD,PS-1 ,0,1,,,0.0,0.0,0.0,0.0,0.0,Police
558,Jul-2017,Manila,MPD,PS-1 ,0,1,,,0.0,0.0,0.0,0.0,0.0,Police
559,Jul-2017,Manila,MPD,PS-1 ,0,1,,,0.0,0.0,0.0,0.0,0.0,Police
560,Aug-2017,Manila,MPD,PS-1,0,1,,,0.0,0.0,0.0,0.0,0.0,Police
561,Aug-2017,Manila,MPD,PS-3,0,1,,,0.0,0.0,0.0,0.0,0.0,Police
562,Aug-2017,Manila,MPD,PS-3 ,0,1,,,0.0,0.0,0.0,0.0,0.0,Police
563,Aug-2017,Manila,MPD,PS-3 ,0,1,,,0.0,0.0,0.0,0.0,0.0,Police
564,Aug-2017,Manila,MPD,PS-2,0,1,,,0.0,1.0,0.0,0.0,0.0,Police
565,Aug-2017,Manila,MPD,PS-2,0,1,,,0.0,0.0,0.0,0.0,0.0,Police
566,Aug-2017,Manila,MPD,PS-2,0,1,,,0.0,0.0,0.0,0.0,0.0,Police
567,Aug-2017,Manila,MPD,PS-2,0,1,,,0.0,0.0,0.0,0.0,0.0,Police
568,Aug-2017,Manila,MPD,PS-3 ,0,1,,,0.0,0.0,0.0,0.0,0.0,Police
569,Aug-2017,Manila,MPD,PS-3 ,0,1,,,0.0,0.0,0.0,0.0,0.0,Police
570,Aug-2017,Manila,MPD,PS-4 ,0,1,,,1.0,1.0,0.0,0.0,1.0,Police
571,Aug-2017,Manila,MPD,PS-1 ,0,1,,,0.0,0.0,0.0,0.0,0.0,Police
572,Aug-2017,Manila,MPD,PS-3,0,1,,,0.0,0.0,0.0,0.0,0.0,Police
573,Aug-2017,Manila,MPD,PS-3,0,1,,,0.0,0.0,0.0,0.0,0.0,Police
574,Aug-2017,Manila,MPD,PS-3,0,1,,,0.0,0.0,0.0,0.0,0.0,Police
575,Aug-2017,Manila,MPD,PS-3,0,1,,,0.0,0.0,0.0,0.0,0.0,Police
576,Aug-2017,Manila,MPD,PS-6 ,0,1,,,0.0,0.0,0.0,0.0,1.0,Police
577,Aug-2017,Manila,MPD,PS-6 ,0,1,,,0.0,0.0,0.0,0.0,1.0,Police
578,Aug-2017,Manila,MPD,PS-1,0,1,,,0.0,0.0,0.0,0.0,0.0,Police
579,Aug-2017,Manila,MPD,PS-2,0,1,,,0.0,0.0,0.0,0.0,0.0,Police
580,Aug-2017,Manila,MPD,PS-2,0,1,,,0.0,0.0,0.0,0.0,0.0,Police
581,Aug-2017,Manila,MPD,PS-2,0,1,,,0.0,0.0,0.0,0.0,0.0,Police
582,Aug-2017,Manila,MPD,PS-3 ,0,1,,,0.0,0.0,0.0,0.0,0.0,Police
583,Aug-2017,Manila,MPD,PS-3 ,0,1,,,0.0,0.0,0.0,0.0,0.0,Police
584,Aug-2017,Manila,MPD,PS-8 ,0,1,,,0.0,0.0,0.0,0.0,0.0,Police
585,Aug-2017,Manila,MPD,PS-4 ,0,1,,,0.0,0.0,0.0,0.0,0.0,Police
586,Aug-2017,Manila,MPD,PS-9 ,0,1,,,0.0,0.0,0.0,0.0,0.0,Police
587,Aug-2017,Manila,MPD,PS-9 ,0,1,,,0.0,0.0,0.0,0.0,0.0,Police
588,Aug-2017,Manila,MPD,PS-6 ,0,1,,,1.0,0.0,0.0,0.0,0.0,Police
589,Aug-2017,Manila,MPD,PS-6 ,0,1,,,1.0,0.0,0.0,0.0,0.0,Police
590,Aug-2017,Manila,MPD,PS-1 ,0,1,,,0.0,0.0,0.0,0.0,0.0,Police
591,Aug-2017,Manila,MPD,PS-1 ,0,1,,,0.0,0.0,0.0,0.0,0.0,Police
592,Aug-2017,Manila,MPD,PS-4 ,0,1,,,0.0,0.0,0.0,0.0,0.0,Police
593,Aug-2017,Manila,MPD,PS-6 ,0,1,,,0.0,0.0,0.0,0.0,0.0,Police
594,Aug-2017,Manila,MPD,PS-6 ,0,1,,,0.0,0.0,0.0,0.0,0.0,Police
595,Aug-2017,Manila,MPD,PS-8,0,1,,,0.0,0.0,0.0,0.0,0.0,Police
596,Aug-2017,Manila,MPD,PS-11 ,0,1,,,0.0,0.0,0.0,0.0,0.0,Police
598,Dec-2016,Manila,MPD,PS-1,0,0,0.0,0.0,1.0,,,0.0,0.0,Police
601,Jun-2017,Manila,MPD,PS-10,0,1,,,1.0,0.0,0.0,0.0,0.0,Police
607,Oct-2017,Manila,MPD,,0,1,,,1.0,0.0,,1.0,,Police
608,Oct-2017,Manila,MPD,,0,1,,,0.0,1.0,,1.0,,Police
612,Jun-2017,Manila,MPD,,0,0,,,0.0,1.0,0.0,0.0,0.0,Police
619,Oct-2017,Manila,MPD,,0,1,,,0.0,0.0,1.0,0.0,0.0,Police
620,Oct-2017,Manila,MPD,,0,1,,,0.0,0.0,1.0,0.0,0.0,Police
629,Jul-2016,Manila,MPD,,0,1,0.0,,0.0,,,1.0,0.0,Police
633,Jan-2017,Manila,MPD,PS-7 ,0,1,0.0,,0.0,,,1.0,0.0,Police
638,Oct-2017,Manila,MPD,PS-2,0,1,,,0.0,0.0,,1.0,0.0,Police
639,Oct-2017,Manila,MPD,PS-2,0,1,,,0.0,0.0,,1.0,0.0,Police
640,Oct-2017,Manila,MPD,PS-2,0,1,,,1.0,0.0,,1.0,,Police
650,Jan-2017,Manila,MPD,,0,1,0.0,,0.0,,0.0,0.0,0.0,Police
653,Aug-2017,Manila,MPD,,0,1,,,0.0,0.0,0.0,0.0,0.0,Police
662,Jun-2017,Manila,MPD,,0,0,,,1.0,0.0,0.0,0.0,0.0,Police
663,Apr-2017,Manila,MPD,,0,0,,,1.0,0.0,0.0,0.0,0.0,Police
666,Aug-2017,Manila,MPD,,0,0,,,1.0,0.0,0.0,0.0,0.0,Police
