ID,Date,Location,Police District,Police Station,Police,News,Commission on Human Rights,Philippine Human Rights Information Center,Task for Detainees of the Philippines ,RiseUp for Life and Rights,Parishes,CCT-DRK Research,Barangay Holy Spirit Public Safety Office,Assailant
17,Sep-2016,Quezon City,QCPD,PS 06 Batasan,1,1,0.0,0.0,0.0,0.0,0.0,0.0,0.0,Unidentified
18,Sep-2016,Quezon City,QCPD,PS 06 Batasan,1,1,0.0,0.0,0.0,0.0,0.0,0.0,0.0,Unidentified
21,Sep-2016,Quezon City,QCPD,PS 06 Batasan,1,1,0.0,0.0,0.0,0.0,1.0,1.0,1.0,Unidentified
26,Oct-2016,Quezon City,QCPD,PS 04 Novaliches,1,1,0.0,0.0,0.0,0.0,0.0,1.0,0.0,Unidentified
230,Jul-2016,Quezon City,QCPD,PS 12 Libis,1,0,,,,,,0.0,,Unidentified
231,Jul-2016,Quezon City,QCPD,PS 12 Libis,1,0,,,,,,0.0,,Unidentified
232,Jul-2016,Quezon City,QCPD,PS 03 Talipapa,1,1,,,,0.0,0.0,0.0,0.0,Unidentified
233,Aug-2016,Quezon City,QCPD,PS 05 Fairview,1,1,0.0,0.0,0.0,0.0,0.0,0.0,0.0,Unidentified
234,Aug-2016,Quezon City,QCPD,PS 12 Libis,1,0,0.0,0.0,0.0,0.0,0.0,0.0,0.0,Unidentified
235,Aug-2016,Quezon City,QCPD,PS 04 Novaliches,1,0,0.0,0.0,0.0,0.0,0.0,0.0,0.0,Unidentified
236,Aug-2016,Quezon City,QCPD,PS 04 Novaliches,1,0,0.0,0.0,0.0,0.0,0.0,0.0,0.0,Unidentified
237,Aug-2016,Quezon City,QCPD,PS 06 Batasan,1,0,0.0,0.0,0.0,0.0,0.0,0.0,0.0,Unidentified
238,Sep-2016,Quezon City,QCPD,PS 06 Batasan,1,0,0.0,0.0,0.0,0.0,0.0,0.0,0.0,Unidentified
239,Sep-2016,Quezon City,QCPD,PS 12 Libis,1,1,0.0,0.0,0.0,0.0,0.0,0.0,0.0,Unidentified
240,Sep-2016,Quezon City,QCPD,PS 04 Novaliches,1,0,0.0,0.0,0.0,0.0,0.0,0.0,0.0,Unidentified
241,Oct-2016,Quezon City,QCPD,PS 03 Talipapa,1,0,0.0,0.0,0.0,0.0,0.0,0.0,0.0,Unidentified
242,Nov-2016,Quezon City,QCPD,PS 09 Quirino,1,0,0.0,0.0,0.0,0.0,0.0,0.0,0.0,Unidentified
245,Nov-2016,Quezon City,QCPD,PS 06 Batasan,1,0,0.0,0.0,0.0,0.0,0.0,0.0,0.0,Unidentified
246,Nov-2016,Quezon City,QCPD,PS 03 Talipapa,1,0,0.0,0.0,0.0,0.0,0.0,0.0,0.0,Unidentified
247,Dec-2016,Quezon City,QCPD,PS 06 Batasan,1,0,0.0,0.0,0.0,0.0,0.0,0.0,0.0,Unidentified
248,Dec-2016,Quezon City,QCPD,PS 05 Fairview,1,0,0.0,0.0,0.0,0.0,0.0,0.0,0.0,Unidentified
249,Dec-2016,Quezon City,QCPD,PS 04 Novaliches,1,0,0.0,0.0,0.0,0.0,0.0,0.0,0.0,Unidentified
250,Feb-2017,Quezon City,QCPD,PS 06 Batasan,1,0,0.0,0.0,0.0,0.0,0.0,0.0,0.0,Unidentified
251,Feb-2017,Quezon City,QCPD,PS 06 Batasan,1,1,0.0,0.0,0.0,1.0,0.0,1.0,0.0,Unidentified
252,Mar-2017,Quezon City,QCPD,PS 05 Fairview,1,1,0.0,0.0,0.0,0.0,0.0,1.0,0.0,Unidentified
253,Mar-2017,Quezon City,QCPD,PS 06 Batasan,1,1,0.0,0.0,0.0,0.0,0.0,1.0,0.0,Unidentified
254,Mar-2017,Quezon City,QCPD,PS 06 Batasan,1,1,0.0,0.0,0.0,0.0,0.0,1.0,0.0,Unidentified
255,Mar-2017,Quezon City,QCPD,PS 06 Batasan,1,1,0.0,0.0,0.0,1.0,1.0,1.0,0.0,Unidentified
256,Mar-2017,Quezon City,QCPD,PS 06 Batasan,1,1,0.0,0.0,0.0,1.0,1.0,1.0,0.0,Unidentified
257,Jun-2017,Quezon City,QCPD,PS 06 Batasan,1,1,0.0,0.0,0.0,0.0,0.0,1.0,1.0,Unidentified
258,Jul-2016,Quezon City,QCPD,PS 06 Batasan,1,1,,,,0.0,0.0,0.0,0.0,Unidentified
259,Jul-2016,Quezon City,QCPD,PS 04 Novaliches,1,0,,,,0.0,0.0,0.0,0.0,Unidentified
260,Jul-2016,Quezon City,QCPD,PS 05 Fairview,1,0,,,,0.0,0.0,0.0,0.0,Unidentified
261,Aug-2016,Quezon City,QCPD,PS 04 Novaliches,1,1,,0.0,,0.0,0.0,1.0,0.0,Unidentified
262,Sep-2016,Quezon City,QCPD,PS 04 Novaliches,1,0,0.0,0.0,0.0,0.0,0.0,0.0,0.0,Unidentified
263,Sep-2016,Quezon City,QCPD,PS 06 Batasan,1,0,0.0,0.0,0.0,0.0,0.0,0.0,1.0,Unidentified
264,Sep-2016,Quezon City,QCPD,PS 03 Talipapa,1,0,0.0,0.0,0.0,0.0,0.0,0.0,0.0,Unidentified
265,Oct-2016,Quezon City,QCPD,PS 06 Batasan,1,1,1.0,0.0,0.0,0.0,0.0,0.0,0.0,Unidentified
266,Oct-2016,Quezon City,QCPD,PS 06 Batasan,1,1,0.0,0.0,0.0,0.0,0.0,0.0,0.0,Unidentified
267,Oct-2016,Quezon City,QCPD,PS 06 Batasan,1,1,0.0,0.0,0.0,0.0,0.0,1.0,0.0,Unidentified
268,Nov-2016,Quezon City,QCPD,PS 06 Batasan,1,1,0.0,0.0,0.0,0.0,0.0,1.0,0.0,Unidentified
269,Nov-2016,Quezon City,QCPD,PS 06 Batasan,1,1,0.0,0.0,0.0,0.0,0.0,1.0,0.0,Unidentified
270,Nov-2016,Quezon City,QCPD,PS 06 Batasan,1,0,0.0,0.0,0.0,0.0,0.0,0.0,0.0,Unidentified
271,Nov-2016,Quezon City,QCPD,PS 06 Batasan,1,0,0.0,0.0,0.0,0.0,0.0,0.0,0.0,Unidentified
272,Nov-2016,Quezon City,QCPD,PS 03 Talipapa,1,1,0.0,0.0,0.0,0.0,0.0,0.0,0.0,Unidentified
273,Nov-2016,Quezon City,QCPD,PS 06 Batasan,1,0,0.0,0.0,0.0,0.0,0.0,0.0,0.0,Unidentified
274,Nov-2016,Quezon City,QCPD,PS 06 Batasan,1,1,0.0,0.0,0.0,0.0,0.0,1.0,0.0,Unidentified
275,Nov-2016,Quezon City,QCPD,PS 06 Batasan,1,0,0.0,0.0,0.0,1.0,1.0,0.0,0.0,Unidentified
276,Nov-2016,Quezon City,QCPD,PS 06 Batasan,1,1,0.0,0.0,0.0,0.0,0.0,1.0,0.0,Unidentified
277,Nov-2016,Quezon City,QCPD,PS 06 Batasan,1,1,0.0,0.0,0.0,0.0,0.0,1.0,0.0,Unidentified
278,Nov-2016,Quezon City,QCPD,PS 06 Batasan,1,1,0.0,0.0,0.0,0.0,0.0,1.0,0.0,Unidentified
279,Dec-2016,Quezon City,QCPD,PS 06 Batasan,1,0,0.0,0.0,0.0,0.0,0.0,0.0,0.0,Unidentified
280,Dec-2016,Quezon City,QCPD,PS 06 Batasan,1,0,0.0,0.0,0.0,0.0,0.0,0.0,0.0,Unidentified
281,Feb-2017,Quezon City,QCPD,PS 06 Batasan,1,0,0.0,0.0,0.0,0.0,0.0,0.0,0.0,Unidentified
282,Feb-2017,Quezon City,QCPD,PS 04 Novaliches,1,0,0.0,0.0,0.0,0.0,0.0,0.0,0.0,Unidentified
283,Mar-2017,Quezon City,QCPD,PS 06 Batasan,1,0,0.0,0.0,0.0,0.0,0.0,0.0,0.0,Unidentified
284,Mar-2017,Quezon City,QCPD,PS 06 Batasan,1,0,0.0,0.0,0.0,0.0,0.0,0.0,0.0,Unidentified
285,Mar-2017,Quezon City,QCPD,PS 06 Batasan,1,1,0.0,0.0,0.0,0.0,0.0,1.0,0.0,Unidentified
286,Mar-2017,Quezon City,QCPD,PS 06 Batasan,1,1,0.0,0.0,0.0,0.0,0.0,1.0,0.0,Unidentified
287,Mar-2017,Quezon City,QCPD,PS 06 Batasan,1,1,0.0,0.0,0.0,0.0,0.0,1.0,0.0,Unidentified
288,Mar-2017,Quezon City,QCPD,PS 06 Batasan,1,1,0.0,0.0,0.0,0.0,0.0,1.0,0.0,Unidentified
289,Mar-2017,Quezon City,QCPD,PS 06 Batasan,1,0,0.0,0.0,0.0,0.0,0.0,1.0,0.0,Unidentified
290,Apr-2017,Quezon City,QCPD,PS 06 Batasan,1,0,0.0,0.0,0.0,0.0,0.0,0.0,0.0,Unidentified
291,May-2017,Quezon City,QCPD,PS 06 Batasan,1,1,0.0,0.0,0.0,0.0,0.0,1.0,0.0,Unidentified
292,May-2017,Quezon City,QCPD,PS 06 Batasan,1,1,0.0,0.0,0.0,0.0,0.0,1.0,0.0,Unidentified
293,May-2017,Quezon City,QCPD,PS 06 Batasan,1,0,0.0,0.0,0.0,0.0,0.0,0.0,0.0,Unidentified
294,May-2017,Quezon City,QCPD,PS 06 Batasan,1,0,0.0,0.0,0.0,0.0,1.0,0.0,1.0,Unidentified
295,Jun-2017,Quezon City,QCPD,PS 06 Batasan,1,1,0.0,0.0,0.0,0.0,1.0,0.0,1.0,Unidentified
296,Jun-2017,Quezon City,QCPD,PS 06 Batasan,1,1,0.0,0.0,0.0,0.0,0.0,0.0,1.0,Unidentified
297,Jun-2017,Quezon City,QCPD,PS 06 Batasan,1,1,0.0,0.0,0.0,0.0,0.0,1.0,0.0,Unidentified
298,Jun-2017,Quezon City,QCPD,PS 06 Batasan,1,0,0.0,0.0,0.0,0.0,0.0,0.0,1.0,Unidentified
299,Jun-2017,Quezon City,QCPD,PS 06 Batasan,1,1,0.0,0.0,0.0,0.0,0.0,0.0,0.0,Unidentified
300,Jun-2017,Quezon City,QCPD,PS 06 Batasan,1,1,0.0,0.0,0.0,0.0,0.0,1.0,0.0,Unidentified
301,Jun-2017,Quezon City,QCPD,PS 06 Batasan,1,1,0.0,0.0,1.0,0.0,1.0,0.0,1.0,Unidentified
302,Jun-2017,Quezon City,QCPD,PS 06 Batasan,1,1,0.0,0.0,0.0,0.0,0.0,0.0,0.0,Unidentified
303,Jun-2017,Quezon City,QCPD,PS 06 Batasan,1,0,0.0,0.0,0.0,0.0,0.0,0.0,1.0,Unidentified
304,Jul-2017,Quezon City,QCPD,PS 05 Fairview,1,0,0.0,0.0,0.0,0.0,0.0,0.0,0.0,Unidentified
305,Sep-2016,Quezon City,QCPD,PS 04 Novaliches,1,1,0.0,0.0,0.0,0.0,0.0,0.0,0.0,Unidentified
306,Sep-2016,Quezon City,QCPD,PS 06 Batasan,1,1,0.0,0.0,0.0,0.0,0.0,0.0,0.0,Unidentified
307,Dec-2016,Quezon City,QCPD,PS 06 Batasan,1,1,0.0,0.0,0.0,0.0,0.0,1.0,0.0,Unidentified
308,Mar-2017,Quezon City,QCPD,PS 03 Talipapa,1,0,0.0,0.0,1.0,0.0,0.0,0.0,0.0,Unidentified
309,Mar-2017,Quezon City,QCPD,PS 03 Talipapa,1,0,0.0,0.0,1.0,0.0,0.0,0.0,0.0,Unidentified
310,May-2017,Quezon City,QCPD,PS 06 Batasan,1,0,0.0,0.0,0.0,0.0,0.0,0.0,0.0,Unidentified
311,Nov-2016,Quezon City,QCPD,PS 06 Batasan,1,1,0.0,0.0,0.0,0.0,0.0,1.0,0.0,Unidentified
312,Nov-2016,Quezon City,QCPD,PS 06 Batasan,1,1,0.0,0.0,0.0,0.0,0.0,1.0,0.0,Unidentified
313,Nov-2016,Quezon City,QCPD,PS 06 Batasan,1,0,0.0,0.0,0.0,0.0,0.0,0.0,0.0,Unidentified
314,Jan-2017,Quezon City,QCPD,PS 06 Batasan,1,1,0.0,0.0,0.0,0.0,0.0,1.0,1.0,Unidentified
315,Feb-2017,Quezon City,QCPD,PS 06 Batasan,1,0,0.0,0.0,0.0,0.0,0.0,0.0,0.0,Unidentified
339,Aug-2016,Quezon City,QCPD,PS 06 Batasan,1,1,0.0,0.0,0.0,0.0,0.0,1.0,0.0,Unidentified
344,Aug-2016,Quezon City,QCPD,PS 04 Novaliches,1,1,,0.0,,0.0,0.0,1.0,0.0,Unidentified
347,Aug-2016,Quezon City,QCPD,PS 02 Masambong,1,1,,,,0.0,0.0,1.0,0.0,Unidentified
349,Aug-2016,Quezon City,QCPD,PS 06 Batasan,1,1,,,,0.0,0.0,1.0,0.0,Unidentified
351,Dec-2016,Quezon City,QCPD,PS 06 Batasan,1,1,0.0,0.0,0.0,0.0,0.0,0.0,0.0,Unidentified
352,Dec-2016,Quezon City,QCPD,PS 06 Batasan,1,1,0.0,0.0,0.0,0.0,1.0,0.0,0.0,Unidentified
353,Dec-2016,Quezon City,QCPD,PS 06 Batasan,1,1,0.0,0.0,0.0,0.0,1.0,1.0,0.0,Unidentified
354,Dec-2016,Quezon City,QCPD,PS 06 Batasan,1,1,0.0,0.0,0.0,0.0,1.0,1.0,1.0,Unidentified
355,Dec-2016,Quezon City,QCPD,PS 06 Batasan,1,1,0.0,0.0,0.0,0.0,1.0,1.0,0.0,Unidentified
358,Dec-2016,Quezon City,QCPD,PS 04 Novaliches,1,1,0.0,0.0,0.0,0.0,0.0,1.0,0.0,Unidentified
359,Dec-2016,Quezon City,QCPD,PS 06 Batasan,1,1,0.0,0.0,0.0,0.0,0.0,1.0,0.0,Unidentified
361,Dec-2016,Quezon City,QCPD,PS 06 Batasan,1,1,0.0,0.0,0.0,0.0,0.0,1.0,0.0,Unidentified
362,Dec-2016,Quezon City,QCPD,PS 06 Batasan,1,1,0.0,0.0,0.0,0.0,0.0,1.0,0.0,Unidentified
363,Sep-2016,Quezon City,QCPD,PS 06 Batasan,1,1,0.0,0.0,0.0,0.0,0.0,1.0,0.0,Unidentified
364,Sep-2016,Quezon City,QCPD,PS 03 Talipapa,1,0,0.0,0.0,0.0,0.0,0.0,0.0,0.0,Unidentified
365,Sep-2016,Quezon City,QCPD,PS 06 Batasan,1,1,0.0,0.0,0.0,0.0,0.0,1.0,0.0,Unidentified
369,Sep-2016,Quezon City,QCPD,PS 10 Kamuning,1,1,0.0,0.0,0.0,0.0,0.0,0.0,0.0,Unidentified
372,Sep-2016,Quezon City,QCPD,PS 06 Batasan,1,1,0.0,0.0,0.0,0.0,0.0,1.0,0.0,Unidentified
377,Sep-2016,Quezon City,QCPD,PS 04 Novaliches,1,1,0.0,0.0,0.0,0.0,0.0,1.0,0.0,Unidentified
384,Oct-2016,Quezon City,QCPD,PS 06 Batasan,1,1,0.0,0.0,0.0,0.0,1.0,1.0,0.0,Unidentified
385,Oct-2016,Quezon City,QCPD,PS 06 Batasan,1,1,0.0,0.0,0.0,0.0,0.0,1.0,0.0,Unidentified
386,Oct-2016,Quezon City,QCPD,PS 06 Batasan,1,1,0.0,0.0,0.0,0.0,0.0,0.0,0.0,Unidentified
387,Oct-2016,Quezon City,QCPD,PS 06 Batasan,1,1,0.0,0.0,0.0,0.0,0.0,1.0,0.0,Unidentified
388,Oct-2016,Quezon City,QCPD,PS 09 Quirino,1,0,0.0,0.0,0.0,0.0,0.0,0.0,0.0,Unidentified
389,Oct-2016,Quezon City,QCPD,PS 04 Novaliches,1,0,0.0,0.0,0.0,0.0,0.0,0.0,0.0,Unidentified
390,Oct-2016,Quezon City,QCPD,PS 06 Batasan,1,1,0.0,0.0,0.0,0.0,0.0,0.0,0.0,Unidentified
391,Oct-2016,Quezon City,QCPD,PS 06 Batasan,1,1,0.0,0.0,0.0,0.0,0.0,1.0,0.0,Unidentified
392,Oct-2016,Quezon City,QCPD,PS 06 Batasan,1,1,0.0,0.0,0.0,0.0,0.0,0.0,0.0,Unidentified
397,Oct-2016,Quezon City,QCPD,PS 06 Batasan,1,0,0.0,0.0,0.0,0.0,0.0,0.0,0.0,Unidentified
402,Nov-2016,Quezon City,QCPD,PS 06 Batasan,1,1,0.0,0.0,0.0,0.0,1.0,0.0,0.0,Unidentified
403,Nov-2016,Quezon City,QCPD,PS 06 Batasan,1,1,0.0,0.0,0.0,0.0,0.0,0.0,0.0,Unidentified
404,Nov-2016,Quezon City,QCPD,PS 06 Batasan,1,0,0.0,0.0,0.0,0.0,0.0,0.0,0.0,Unidentified
405,Nov-2016,Quezon City,QCPD,PS 06 Batasan,1,0,0.0,0.0,0.0,0.0,0.0,0.0,0.0,Unidentified
408,Jul-2016,Quezon City,QCPD,PS 06 Batasan,1,1,,,,0.0,0.0,1.0,0.0,Unidentified
409,Jul-2016,Quezon City,QCPD,PS 06 Batasan,1,1,,,,0.0,0.0,1.0,0.0,Unidentified
412,Jul-2016,Quezon City,QCPD,PS 06 Batasan,1,1,,,,0.0,0.0,0.0,0.0,Unidentified
413,Jul-2016,Quezon City,QCPD,PS 10 Kamuning,1,0,,,,0.0,0.0,0.0,0.0,Unidentified
414,Jul-2016,Quezon City,QCPD,PS 06 Batasan,1,1,,,,1.0,1.0,1.0,,Unidentified
416,Jul-2016,Quezon City,QCPD,PS 02 Masambong,1,1,,,,,,0.0,,Unidentified
417,Jul-2016,Quezon City,QCPD,PS 02 Masambong,1,1,,,,,,0.0,,Unidentified
421,Jan-2017,Quezon City,QCPD,PS 04 Novaliches,1,1,0.0,0.0,0.0,0.0,0.0,1.0,0.0,Unidentified
429,Aug-2016,Quezon City,QCPD,PS 06 Batasan,1,1,,,,0.0,0.0,1.0,0.0,Unidentified
430,Aug-2016,Quezon City,QCPD,PS 09 Quirino,1,1,0.0,0.0,0.0,0.0,0.0,0.0,0.0,Unidentified
431,Aug-2016,Quezon City,QCPD,PS 01 La Loma,1,1,0.0,0.0,0.0,0.0,0.0,0.0,0.0,Unidentified
432,Aug-2016,Quezon City,QCPD,PS 01 La Loma,1,1,0.0,0.0,0.0,0.0,0.0,0.0,0.0,Unidentified
433,Aug-2016,Quezon City,QCPD,PS 01 La Loma,1,1,0.0,0.0,0.0,0.0,0.0,0.0,0.0,Unidentified
434,Aug-2016,Quezon City,QCPD,PS 06 Batasan,1,1,,,,0.0,0.0,0.0,0.0,Unidentified
439,Jul-2016,Quezon City,QCPD,PS 06 Batasan,0,1,,,,0.0,0.0,1.0,0.0,Unidentified
440,Aug-2016,Quezon City,QCPD,PS 06 Batasan,1,1,0.0,0.0,1.0,0.0,1.0,1.0,1.0,Unidentified
443,Sep-2016,Quezon City,QCPD,PS 06 Batasan,1,1,0.0,0.0,0.0,1.0,1.0,1.0,0.0,Unidentified
444,Dec-2016,Quezon City,QCPD,PS 06 Batasan,1,1,0.0,0.0,0.0,0.0,0.0,0.0,0.0,Unidentified
445,Feb-2017,Quezon City,QCPD,PS 06 Batasan,0,1,0.0,0.0,0.0,0.0,0.0,1.0,0.0,Unidentified
446,Feb-2017,Quezon City,QCPD,PS 06 Batasan,1,1,0.0,0.0,0.0,0.0,0.0,1.0,0.0,Unidentified
447,Feb-2017,Quezon City,QCPD,PS 06 Batasan,1,1,0.0,0.0,0.0,0.0,0.0,1.0,1.0,Unidentified
448,Mar-2017,Quezon City,QCPD,PS 06 Batasan,1,1,0.0,0.0,0.0,0.0,1.0,1.0,1.0,Unidentified
449,Mar-2017,Quezon City,QCPD,PS 06 Batasan,1,1,0.0,0.0,1.0,0.0,1.0,1.0,1.0,Unidentified
450,Mar-2017,Quezon City,QCPD,PS 06 Batasan,1,1,0.0,0.0,0.0,0.0,1.0,1.0,1.0,Unidentified
451,Mar-2017,Quezon City,QCPD,PS 03 Talipapa,1,1,0.0,0.0,0.0,0.0,0.0,1.0,0.0,Unidentified
452,Mar-2017,Quezon City,QCPD,PS 03 Talipapa,1,1,0.0,0.0,0.0,0.0,0.0,0.0,0.0,Unidentified
453,Mar-2017,Quezon City,QCPD,PS 06 Batasan,1,1,0.0,0.0,0.0,0.0,0.0,1.0,0.0,Unidentified
454,Apr-2017,Quezon City,QCPD,PS 06 Batasan,1,1,0.0,0.0,0.0,0.0,0.0,1.0,0.0,Unidentified
455,Apr-2017,Quezon City,QCPD,PS 06 Batasan,1,1,0.0,0.0,0.0,0.0,0.0,1.0,0.0,Unidentified
457,Apr-2017,Quezon City,QCPD,PS 06 Batasan,1,1,0.0,0.0,0.0,0.0,0.0,1.0,0.0,Unidentified
458,Apr-2017,Quezon City,QCPD,PS 06 Batasan,1,1,0.0,0.0,0.0,0.0,1.0,1.0,1.0,Unidentified
459,Apr-2017,Quezon City,QCPD,PS 02 Masambong,1,1,0.0,0.0,0.0,0.0,0.0,1.0,0.0,Unidentified
460,May-2017,Quezon City,QCPD,PS 06 Batasan,1,1,0.0,0.0,0.0,0.0,0.0,1.0,0.0,Unidentified
461,May-2017,Quezon City,QCPD,PS 06 Batasan,1,1,0.0,0.0,0.0,0.0,0.0,0.0,0.0,Unidentified
463,Jun-2017,Quezon City,QCPD,PS 06 Batasan,1,1,0.0,0.0,0.0,0.0,1.0,1.0,1.0,Unidentified
464,Jun-2017,Quezon City,QCPD,PS 06 Batasan,1,1,0.0,0.0,0.0,0.0,0.0,1.0,1.0,Unidentified
465,Jun-2017,Quezon City,QCPD,PS 04 Novaliches,1,1,0.0,0.0,0.0,0.0,0.0,1.0,0.0,Unidentified
466,Jun-2017,Quezon City,QCPD,PS 06 Batasan,1,1,0.0,0.0,1.0,0.0,1.0,1.0,1.0,Unidentified
467,Jun-2017,Quezon City,QCPD,PS 06 Batasan,1,1,0.0,0.0,0.0,0.0,0.0,1.0,0.0,Unidentified
468,Jun-2017,Quezon City,QCPD,PS 02 Masambong,1,1,0.0,0.0,0.0,0.0,0.0,1.0,0.0,Unidentified
469,Jun-2017,Quezon City,QCPD,PS 06 Batasan,1,1,0.0,0.0,1.0,0.0,1.0,1.0,1.0,Unidentified
473,Jul-2017,Quezon City,QCPD,PS 06 Batasan,1,1,0.0,0.0,0.0,0.0,0.0,0.0,0.0,Unidentified
475,Jul-2017,Quezon City,QCPD,PS 06 Batasan,1,1,0.0,0.0,0.0,0.0,0.0,0.0,0.0,Unidentified
476,Jul-2016,Quezon City,QCPD,PS 04 Novaliches,1,1,,,,0.0,0.0,0.0,0.0,Unidentified
477,Jul-2016,Quezon City,QCPD,PS 06 Batasan,1,1,,,,0.0,0.0,0.0,0.0,Unidentified
478,Jan-2017,Quezon City,QCPD,PS 03 Talipapa,1,1,0.0,0.0,0.0,0.0,0.0,1.0,0.0,Unidentified
479,Feb-2017,Quezon City,QCPD,PS 06 Batasan,1,1,0.0,0.0,0.0,0.0,0.0,1.0,1.0,Unidentified
480,Mar-2017,Quezon City,QCPD,PS 03 Talipapa,1,1,0.0,0.0,0.0,0.0,0.0,0.0,0.0,Unidentified
481,Jul-2016,Quezon City,QCPD,PS 04 Novaliches,1,1,,,,0.0,0.0,1.0,0.0,Unidentified
482,Feb-2017,Quezon City,QCPD,PS 02 Masambong,1,1,0.0,0.0,0.0,0.0,0.0,0.0,0.0,Unidentified
484,Mar-2017,Quezon City,QCPD,PS 06 Batasan,1,1,0.0,0.0,0.0,0.0,1.0,1.0,1.0,Unidentified
485,Mar-2017,Quezon City,QCPD,PS 06 Batasan,1,1,0.0,0.0,0.0,0.0,0.0,1.0,1.0,Unidentified
486,Mar-2017,Quezon City,QCPD,PS 03 Talipapa,1,1,0.0,0.0,0.0,0.0,0.0,0.0,0.0,Unidentified
487,Jul-2017,Quezon City,QCPD,PS 06 Batasan,1,1,0.0,0.0,0.0,0.0,1.0,0.0,0.0,Unidentified
488,Apr-2017,Quezon City,QCPD,PS 06 Batasan,1,1,0.0,0.0,0.0,0.0,0.0,0.0,0.0,Unidentified
489,Apr-2017,Quezon City,QCPD,PS 06 Batasan,1,1,0.0,0.0,0.0,0.0,0.0,0.0,0.0,Unidentified
490,Apr-2017,Quezon City,QCPD,PS 06 Batasan,1,1,0.0,0.0,0.0,0.0,0.0,0.0,0.0,Unidentified
491,Jun-2017,Quezon City,QCPD,PS 06 Batasan,1,0,0.0,0.0,0.0,0.0,0.0,0.0,0.0,Unidentified
507,Sep-2016,Quezon City,QCPD,PS 06 Batasan,1,0,0.0,0.0,1.0,0.0,1.0,0.0,1.0,Unidentified
508,Jan-2017,Quezon City,QCPD,PS 05 Fairview,1,0,0.0,0.0,0.0,0.0,0.0,0.0,0.0,Unidentified
509,Jan-2017,Quezon City,QCPD,PS 02 Masambong,1,0,0.0,0.0,0.0,0.0,0.0,0.0,0.0,Unidentified
510,Jul-2016,Quezon City,QCPD,PS 06 Batasan,1,0,,,,0.0,0.0,0.0,0.0,Unidentified
511,Oct-2016,Quezon City,QCPD,PS 06 Batasan,1,0,0.0,0.0,0.0,0.0,0.0,0.0,0.0,Unidentified
512,Feb-2017,Quezon City,QCPD,PS 06 Batasan,1,0,0.0,0.0,1.0,0.0,0.0,0.0,1.0,Unidentified
513,Feb-2017,Quezon City,QCPD,PS 06 Batasan,1,0,0.0,0.0,0.0,0.0,0.0,0.0,0.0,Unidentified
514,Mar-2017,Quezon City,QCPD,PS 06 Batasan,1,0,0.0,0.0,0.0,0.0,0.0,0.0,1.0,Unidentified
515,May-2017,Quezon City,QCPD,PS 03 Talipapa,1,0,0.0,0.0,0.0,0.0,0.0,0.0,0.0,Unidentified
516,May-2017,Quezon City,QCPD,PS 09 Quirino,1,0,0.0,0.0,0.0,0.0,0.0,0.0,0.0,Unidentified
517,Jun-2017,Quezon City,QCPD,PS 06 Batasan,1,0,0.0,0.0,0.0,0.0,0.0,0.0,0.0,Unidentified
518,Sep-2016,Quezon City,QCPD,PS 06 Batasan,1,0,0.0,0.0,0.0,0.0,0.0,0.0,0.0,Unidentified
519,Jul-2016,Quezon City,QCPD,PS 05 Fairview,1,0,,,,0.0,0.0,0.0,0.0,Unidentified
520,Jul-2016,Quezon City,QCPD,PS 05 Fairview,1,0,,,,0.0,0.0,0.0,0.0,Unidentified
521,Jul-2016,Quezon City,QCPD,PS 06 Batasan,1,0,,,,0.0,0.0,0.0,0.0,Unidentified
522,Aug-2016,Quezon City,QCPD,PS 06 Batasan,1,0,0.0,0.0,0.0,0.0,0.0,0.0,0.0,Unidentified
523,Aug-2016,Quezon City,QCPD,PS 06 Batasan,1,0,0.0,0.0,0.0,0.0,0.0,0.0,0.0,Unidentified
524,Aug-2016,Quezon City,QCPD,PS 06 Batasan,1,0,0.0,0.0,0.0,0.0,0.0,0.0,0.0,Unidentified
525,Aug-2016,Quezon City,QCPD,PS 07 Cubao,1,0,0.0,0.0,0.0,0.0,0.0,0.0,0.0,Unidentified
526,Sep-2016,Quezon City,QCPD,PS 07 Cubao,1,0,0.0,0.0,0.0,0.0,0.0,0.0,0.0,Unidentified
527,Sep-2016,Quezon City,QCPD,PS 04 Novaliches,1,0,0.0,0.0,0.0,0.0,0.0,0.0,0.0,Unidentified
528,Sep-2016,Quezon City,QCPD,PS 06 Batasan,1,0,0.0,0.0,0.0,0.0,0.0,0.0,0.0,Unidentified
529,Sep-2016,Quezon City,QCPD,PS 05 Fairview,1,0,0.0,0.0,0.0,0.0,0.0,0.0,0.0,Unidentified
530,Sep-2016,Quezon City,QCPD,PS 06 Batasan,1,0,0.0,0.0,0.0,0.0,0.0,0.0,0.0,Unidentified
531,Sep-2016,Quezon City,QCPD,PS 01 La Loma,1,0,0.0,0.0,0.0,0.0,0.0,0.0,0.0,Unidentified
532,Sep-2016,Quezon City,QCPD,PS 04 Novaliches,1,0,0.0,0.0,0.0,0.0,0.0,0.0,0.0,Unidentified
533,Oct-2016,Quezon City,QCPD,PS 10 Kamuning,1,0,0.0,0.0,0.0,0.0,0.0,0.0,0.0,Unidentified
534,Oct-2016,Quezon City,QCPD,PS 03 Talipapa,1,1,0.0,0.0,0.0,0.0,0.0,1.0,0.0,Unidentified
535,Oct-2016,Quezon City,QCPD,PS 03 Talipapa,1,0,0.0,0.0,0.0,0.0,0.0,0.0,0.0,Unidentified
536,Oct-2016,Quezon City,QCPD,PS 05 Fairview,1,0,0.0,0.0,0.0,0.0,0.0,0.0,0.0,Unidentified
537,Oct-2016,Quezon City,QCPD,PS 06 Batasan,1,0,0.0,0.0,1.0,0.0,1.0,0.0,0.0,Unidentified
538,Oct-2016,Quezon City,QCPD,PS 06 Batasan,1,0,0.0,0.0,0.0,0.0,0.0,0.0,0.0,Unidentified
539,Oct-2016,Quezon City,QCPD,PS 06 Batasan,1,0,0.0,0.0,0.0,0.0,0.0,0.0,0.0,Unidentified
540,Nov-2016,Quezon City,QCPD,PS 06 Batasan,1,0,0.0,0.0,0.0,0.0,0.0,0.0,0.0,Unidentified
541,Nov-2016,Quezon City,QCPD,PS 03 Talipapa,1,1,0.0,0.0,0.0,0.0,0.0,1.0,0.0,Unidentified
542,Nov-2016,Quezon City,QCPD,PS 06 Batasan,1,0,0.0,0.0,0.0,0.0,1.0,0.0,0.0,Unidentified
543,Nov-2016,Quezon City,QCPD,PS 06 Batasan,1,0,0.0,0.0,0.0,0.0,0.0,0.0,1.0,Unidentified
544,Nov-2016,Quezon City,QCPD,PS 06 Batasan,1,0,0.0,0.0,0.0,0.0,0.0,0.0,0.0,Unidentified
545,Nov-2016,Quezon City,QCPD,PS 08 Project 4,1,0,0.0,0.0,0.0,0.0,0.0,0.0,0.0,Unidentified
546,Nov-2016,Quezon City,QCPD,PS 06 Batasan,1,1,0.0,0.0,0.0,0.0,0.0,1.0,0.0,Unidentified
547,Nov-2016,Quezon City,QCPD,PS 06 Batasan,1,0,0.0,0.0,0.0,0.0,0.0,0.0,0.0,Unidentified
548,Nov-2016,Quezon City,QCPD,PS 06 Batasan,1,1,0.0,0.0,0.0,0.0,1.0,1.0,0.0,Unidentified
549,Dec-2016,Quezon City,QCPD,PS 01 La Loma,1,1,0.0,0.0,0.0,0.0,0.0,0.0,0.0,Unidentified
550,Dec-2016,Quezon City,QCPD,PS 04 Novaliches,1,0,0.0,0.0,0.0,0.0,0.0,0.0,0.0,Unidentified
551,Dec-2016,Quezon City,QCPD,PS 06 Batasan,1,1,0.0,0.0,0.0,0.0,0.0,1.0,0.0,Unidentified
552,Dec-2016,Quezon City,QCPD,PS 06 Batasan,1,0,0.0,0.0,0.0,0.0,0.0,0.0,0.0,Unidentified
553,Dec-2016,Quezon City,QCPD,PS 04 Novaliches,1,0,0.0,0.0,0.0,0.0,0.0,0.0,0.0,Unidentified
554,Dec-2016,Quezon City,QCPD,PS 03 Talipapa,1,1,0.0,0.0,0.0,0.0,0.0,1.0,0.0,Unidentified
555,Dec-2016,Quezon City,QCPD,PS 03 Talipapa,1,0,0.0,0.0,0.0,0.0,0.0,0.0,0.0,Unidentified
556,Dec-2016,Quezon City,QCPD,PS 06 Batasan,1,0,0.0,0.0,0.0,0.0,0.0,0.0,0.0,Unidentified
557,Jan-2017,Quezon City,QCPD,PS 03 Talipapa,1,0,0.0,0.0,0.0,0.0,0.0,0.0,0.0,Unidentified
558,Jan-2017,Quezon City,QCPD,PS 03 Talipapa,1,0,0.0,0.0,0.0,0.0,0.0,0.0,0.0,Unidentified
559,Jan-2017,Quezon City,QCPD,PS 01 La Loma,1,0,0.0,0.0,0.0,0.0,0.0,0.0,0.0,Unidentified
560,Jan-2017,Quezon City,QCPD,PS 06 Batasan,1,0,0.0,0.0,0.0,0.0,0.0,0.0,0.0,Unidentified
561,Jan-2017,Quezon City,QCPD,PS 06 Batasan,1,0,0.0,0.0,0.0,0.0,0.0,0.0,0.0,Unidentified
562,Feb-2017,Quezon City,QCPD,PS 04 Novaliches,1,0,0.0,0.0,0.0,0.0,0.0,0.0,0.0,Unidentified
563,Feb-2017,Quezon City,QCPD,PS 06 Batasan,1,0,0.0,0.0,0.0,0.0,0.0,0.0,0.0,Unidentified
564,Feb-2017,Quezon City,QCPD,PS 10 Kamuning,1,0,0.0,0.0,0.0,0.0,0.0,0.0,0.0,Unidentified
565,Feb-2017,Quezon City,QCPD,PS 04 Novaliches,1,0,0.0,0.0,0.0,0.0,0.0,0.0,0.0,Unidentified
566,Feb-2017,Quezon City,QCPD,PS 06 Batasan,1,0,0.0,0.0,0.0,0.0,0.0,0.0,1.0,Unidentified
567,Feb-2017,Quezon City,QCPD,PS 10 Kamuning,1,0,0.0,0.0,0.0,0.0,0.0,0.0,0.0,Unidentified
568,Mar-2017,Quezon City,QCPD,PS 05 Fairview,1,0,0.0,0.0,0.0,0.0,0.0,1.0,0.0,Unidentified
569,Mar-2017,Quezon City,QCPD,PS 06 Batasan,1,0,0.0,0.0,0.0,0.0,0.0,0.0,0.0,Unidentified
570,Mar-2017,Quezon City,QCPD,PS 05 Fairview,1,0,0.0,0.0,0.0,0.0,0.0,0.0,0.0,Unidentified
571,Mar-2017,Quezon City,QCPD,PS 06 Batasan,1,0,0.0,0.0,0.0,0.0,0.0,0.0,1.0,Unidentified
572,Apr-2017,Quezon City,QCPD,PS 06 Batasan,1,0,0.0,0.0,0.0,0.0,0.0,0.0,0.0,Unidentified
573,Apr-2017,Quezon City,QCPD,PS 05 Fairview,1,0,0.0,0.0,0.0,0.0,0.0,0.0,0.0,Unidentified
574,Apr-2017,Quezon City,QCPD,PS 03 Talipapa,1,0,0.0,0.0,0.0,0.0,0.0,0.0,0.0,Unidentified
575,Apr-2017,Quezon City,QCPD,PS 06 Batasan,1,0,0.0,0.0,0.0,0.0,0.0,1.0,0.0,Unidentified
576,May-2017,Quezon City,QCPD,PS 06 Batasan,1,0,0.0,0.0,1.0,0.0,1.0,0.0,1.0,Unidentified
577,May-2017,Quezon City,QCPD,PS 06 Batasan,1,0,0.0,0.0,1.0,0.0,1.0,0.0,1.0,Unidentified
578,May-2017,Quezon City,QCPD,PS 06 Batasan,1,0,0.0,0.0,1.0,0.0,1.0,1.0,1.0,Unidentified
579,May-2017,Quezon City,QCPD,PS 06 Batasan,1,0,0.0,0.0,0.0,0.0,0.0,0.0,0.0,Unidentified
580,Jun-2017,Quezon City,QCPD,PS 06 Batasan,1,0,0.0,0.0,0.0,0.0,0.0,0.0,1.0,Unidentified
581,Jun-2017,Quezon City,QCPD,PS 06 Batasan,1,0,0.0,0.0,0.0,0.0,1.0,0.0,0.0,Unidentified
582,Jun-2017,Quezon City,QCPD,PS 06 Batasan,1,0,0.0,0.0,0.0,0.0,0.0,0.0,0.0,Unidentified
583,Jun-2017,Quezon City,QCPD,PS 03 Talipapa,1,0,0.0,0.0,0.0,0.0,0.0,0.0,0.0,Unidentified
584,Jun-2017,Quezon City,QCPD,PS 06 Batasan,1,1,0.0,0.0,0.0,0.0,0.0,0.0,0.0,Unidentified
585,Jul-2017,Quezon City,QCPD,PS 06 Batasan,1,0,0.0,0.0,0.0,0.0,0.0,0.0,1.0,Unidentified
586,Jun-2017,Quezon City,QCPD,PS 06 Batasan,1,0,0.0,0.0,0.0,0.0,0.0,0.0,0.0,Unidentified
587,Jul-2017,Quezon City,QCPD,PS 10 Kamuning,1,0,0.0,0.0,0.0,0.0,0.0,0.0,0.0,Unidentified
588,Jul-2017,Quezon City,QCPD,PS 06 Batasan,1,0,0.0,0.0,0.0,0.0,0.0,0.0,0.0,Unidentified
589,Aug-2017,Quezon City,QCPD,PS 06 Batasan,1,0,0.0,0.0,0.0,1.0,0.0,0.0,0.0,Unidentified
590,Dec-2016,Quezon City,QCPD,PS 06 Batasan,0,0,0.0,1.0,0.0,0.0,0.0,0.0,0.0,Unidentified
591,Aug-2017,Quezon City,QCPD,PS 04 Novaliches,0,0,0.0,1.0,1.0,0.0,0.0,0.0,0.0,Unidentified
593,Sep-2016,Quezon City,QCPD,PS 06 Batasan,1,0,0.0,0.0,0.0,1.0,1.0,0.0,0.0,Unidentified
594,Sep-2016,Quezon City,QCPD,PS 06 Batasan,1,0,0.0,0.0,0.0,0.0,1.0,0.0,0.0,Unidentified
595,Nov-2016,Quezon City,QCPD,PS 06 Batasan,1,0,0.0,0.0,1.0,0.0,1.0,0.0,0.0,Unidentified
596,Jul-2017,Quezon City,QCPD,PS 06 Batasan,1,0,0.0,0.0,0.0,0.0,1.0,0.0,0.0,Unidentified
597,Jun-2017,Quezon City,QCPD,PS 06 Batasan,0,0,0.0,0.0,0.0,1.0,1.0,0.0,0.0,Unidentified
598,Aug-2017,Quezon City,QCPD,PS 06 Batasan,1,0,0.0,,1.0,0.0,1.0,0.0,1.0,Unidentified
600,Oct-2016,Quezon City,QCPD,PS 06 Batasan,1,1,0.0,0.0,1.0,0.0,1.0,1.0,0.0,Unidentified
601,Feb-2017,Quezon City,QCPD,PS 06 Batasan,1,0,0.0,0.0,1.0,0.0,1.0,0.0,0.0,Unidentified
602,Feb-2017,Quezon City,QCPD,PS 06 Batasan,1,0,0.0,0.0,1.0,0.0,1.0,1.0,1.0,Unidentified
603,Feb-2017,Quezon City,QCPD,PS 06 Batasan,1,0,0.0,0.0,1.0,0.0,1.0,0.0,1.0,Unidentified
604,May-2017,Quezon City,QCPD,PS 06 Batasan,1,1,0.0,0.0,1.0,0.0,1.0,0.0,0.0,Unidentified
605,Jul-2017,Quezon City,QCPD,PS 06 Batasan,1,0,0.0,0.0,1.0,0.0,1.0,0.0,1.0,Unidentified
606,Aug-2017,Quezon City,QCPD,PS 03 Talipapa,0,0,0.0,,1.0,0.0,1.0,0.0,0.0,Unidentified
608,Sep-2017,Quezon City,QCPD,PS 06 Batasan,1,0,,,1.0,,1.0,0.0,0.0,Unidentified
615,Aug-2017,Quezon City,QCPD,PS 02 Masambong,1,1,0.0,0.0,0.0,0.0,0.0,0.0,0.0,Unidentified
616,Aug-2017,Quezon City,QCPD,PS 06 Batasan,1,1,0.0,0.0,0.0,0.0,0.0,0.0,0.0,Unidentified
617,Aug-2017,Quezon City,QCPD,PS 03 Talipapa,1,1,0.0,,0.0,0.0,0.0,0.0,0.0,Unidentified
619,Aug-2017,Quezon City,QCPD,PS 06 Batasan,0,1,0.0,,0.0,0.0,0.0,0.0,0.0,Unidentified
620,Aug-2017,Quezon City,QCPD,PS 06 Batasan,0,1,0.0,,0.0,0.0,0.0,0.0,0.0,Unidentified
621,Aug-2017,Quezon City,QCPD,PS 06 Batasan,0,1,0.0,,0.0,0.0,0.0,0.0,0.0,Unidentified
622,Aug-2017,Quezon City,QCPD,PS 06 Batasan,0,1,0.0,,0.0,0.0,0.0,0.0,0.0,Unidentified
624,Aug-2017,Quezon City,QCPD,PS 06 Batasan,1,1,0.0,,0.0,0.0,0.0,0.0,0.0,Unidentified
625,Aug-2017,Quezon City,QCPD,PS 06 Batasan,1,1,0.0,,0.0,0.0,0.0,0.0,1.0,Unidentified
626,Aug-2017,Quezon City,QCPD,PS 10 Kamuning,1,1,0.0,,0.0,0.0,0.0,0.0,0.0,Unidentified
627,Aug-2017,Quezon City,QCPD,PS 04 Novaliches,1,1,0.0,,0.0,0.0,0.0,0.0,0.0,Unidentified
628,Aug-2017,Quezon City,QCPD,PS 02 Masambong,1,1,0.0,,0.0,0.0,0.0,0.0,0.0,Unidentified
629,Aug-2017,Quezon City,QCPD,PS 04 Novaliches,1,1,0.0,,0.0,0.0,0.0,0.0,0.0,Unidentified
630,Aug-2017,Quezon City,QCPD,PS 06 Batasan,1,1,0.0,,0.0,0.0,0.0,0.0,0.0,Unidentified
632,Aug-2017,Quezon City,QCPD,PS 04 Novaliches,1,1,0.0,,0.0,0.0,0.0,0.0,0.0,Unidentified
633,Sep-2017,Quezon City,QCPD,PS 02 Masambong,1,1,,,0.0,,0.0,0.0,0.0,Unidentified
634,Nov-2016,Quezon City,QCPD,PS 06 Batasan,1,1,0.0,0.0,0.0,0.0,0.0,1.0,0.0,Unidentified
635,Nov-2016,Quezon City,QCPD,PS 06 Batasan,1,1,0.0,0.0,0.0,0.0,0.0,1.0,0.0,Unidentified
636,Nov-2016,Quezon City,QCPD,PS 03 Talipapa,1,1,0.0,0.0,0.0,0.0,0.0,1.0,0.0,Unidentified
637,Nov-2016,Quezon City,QCPD,PS 03 Talipapa,1,1,0.0,0.0,0.0,0.0,0.0,1.0,0.0,Unidentified
638,Nov-2016,Quezon City,QCPD,PS 06 Batasan,1,1,0.0,0.0,0.0,0.0,1.0,1.0,1.0,Unidentified
639,Nov-2016,Quezon City,QCPD,PS 06 Batasan,0,1,0.0,0.0,0.0,0.0,0.0,0.0,0.0,Unidentified
640,Nov-2016,Quezon City,QCPD,PS 06 Batasan,0,1,0.0,0.0,0.0,0.0,0.0,1.0,0.0,Unidentified
641,Nov-2016,Quezon City,QCPD,PS 02 Masambong,1,1,0.0,0.0,0.0,0.0,0.0,1.0,0.0,Unidentified
642,Nov-2016,Quezon City,QCPD,PS 02 Masambong,1,1,0.0,0.0,0.0,0.0,0.0,0.0,0.0,Unidentified
643,Dec-2016,Quezon City,QCPD,PS 09 Quirino,1,1,0.0,0.0,0.0,0.0,0.0,1.0,0.0,Unidentified
644,Mar-2017,Quezon City,QCPD,PS 06 Batasan,1,0,0.0,0.0,0.0,0.0,0.0,1.0,0.0,Unidentified
645,Mar-2017,Quezon City,QCPD,PS 06 Batasan,1,0,0.0,0.0,0.0,0.0,0.0,1.0,0.0,Unidentified
646,Mar-2017,Quezon City,QCPD,PS 06 Batasan,1,0,0.0,0.0,0.0,0.0,0.0,1.0,0.0,Unidentified
647,Feb-2017,Quezon City,QCPD,PS 06 Batasan,1,1,0.0,0.0,0.0,0.0,0.0,1.0,0.0,Unidentified
648,Oct-2017,Quezon City,QCPD,PS 03 Talipapa,1,1,,,,,,1.0,,Unidentified
649,Oct-2017,Quezon City,QCPD,PS 03 Talipapa,0,1,,,,,,1.0,,Unidentified
650,Oct-2017,Quezon City,QCPD,PS 03 Talipapa,0,1,,,,,,1.0,,Unidentified
651,Feb-2017,Quezon City,QCPD,PS 06 Batasan,1,0,0.0,0.0,0.0,0.0,0.0,1.0,0.0,Unidentified
652,Feb-2017,Quezon City,QCPD,PS 06 Batasan,1,0,0.0,0.0,0.0,0.0,0.0,1.0,0.0,Unidentified
653,Feb-2017,Quezon City,QCPD,PS 06 Batasan,1,0,0.0,0.0,0.0,0.0,0.0,1.0,0.0,Unidentified
654,Nov-2017,Quezon City,QCPD,PS 06 Batasan,1,1,,,,,,1.0,,Unidentified
655,Dec-2017,Quezon City,QCPD,PS 06 Batasan,0,1,,,,,,1.0,,Unidentified
656,Dec-2017,Quezon City,QCPD,PS 06 Batasan,0,1,,,,,,1.0,,Unidentified
659,Oct-2016,Quezon City,QCPD,,0,0,0.0,0.0,0.0,0.0,1.0,1.0,0.0,Unidentified
660,May-2017,Quezon City,QCPD,,0,1,0.0,0.0,0.0,0.0,0.0,1.0,0.0,Unidentified
667,Nov-2017,Quezon City,QCPD,,1,1,,,,,,0.0,,Unidentified
670,Aug-2016,Quezon City,QCPD,PS 06 Batasan,0,0,0.0,0.0,0.0,0.0,1.0,0.0,1.0,Unidentified
671,Dec-2016,Quezon City,QCPD,PS 06 Batasan,0,0,0.0,0.0,0.0,0.0,1.0,0.0,0.0,Unidentified
672,Jan-2017,Quezon City,QCPD,PS 06 Batasan,0,0,0.0,0.0,0.0,0.0,0.0,0.0,1.0,Unidentified
673,Apr-2017,Quezon City,QCPD,PS 06 Batasan,0,0,0.0,0.0,0.0,0.0,0.0,0.0,1.0,Unidentified
674,May-2017,Quezon City,QCPD,,0,0,0.0,0.0,0.0,0.0,0.0,0.0,1.0,Unidentified
675,May-2017,Quezon City,QCPD,,0,0,0.0,0.0,0.0,0.0,0.0,0.0,1.0,Unidentified
676,May-2017,Quezon City,QCPD,PS 06 Batasan,0,0,0.0,0.0,0.0,0.0,0.0,0.0,1.0,Unidentified
677,Jun-2017,Quezon City,QCPD,PS 06 Batasan,0,0,0.0,0.0,0.0,0.0,0.0,0.0,1.0,Unidentified
678,Jun-2017,Quezon City,QCPD,PS 06 Batasan,0,0,0.0,0.0,0.0,0.0,1.0,0.0,1.0,Unidentified
679,Jul-2017,Quezon City,QCPD,PS 06 Batasan,0,0,0.0,0.0,0.0,0.0,0.0,0.0,1.0,Unidentified
680,Jul-2017,Quezon City,QCPD,PS 06 Batasan,1,0,0.0,0.0,0.0,0.0,0.0,0.0,1.0,Unidentified
681,Aug-2017,Quezon City,QCPD,PS 06 Batasan,1,0,0.0,,0.0,0.0,1.0,0.0,1.0,Unidentified
682,Aug-2017,Quezon City,QCPD,PS 06 Batasan,1,0,,,0.0,,0.0,0.0,1.0,Unidentified
683,Sep-2017,Quezon City,QCPD,PS 06 Batasan,1,0,,,0.0,,1.0,0.0,1.0,Unidentified
684,Oct-2017,Quezon City,QCPD,PS 06 Batasan,1,0,,,,,,0.0,1.0,Unidentified
685,Jul-2016,Quezon City,QCPD,,0,0,,,,0.0,0.0,0.0,1.0,Unidentified
686,Aug-2017,Quezon City,QCPD,PS 06 Batasan,0,0,0.0,0.0,0.0,0.0,0.0,0.0,1.0,Unidentified
687,Nov-2016,Quezon City,QCPD,,0,0,0.0,0.0,0.0,0.0,0.0,0.0,1.0,Unidentified
688,Nov-2016,Quezon City,QCPD,,0,0,0.0,0.0,0.0,0.0,0.0,0.0,1.0,Unidentified
689,Feb-2017,Quezon City,QCPD,,0,0,0.0,0.0,0.0,0.0,0.0,0.0,1.0,Unidentified
690,Feb-2017,Quezon City,QCPD,,0,0,0.0,0.0,0.0,0.0,0.0,0.0,1.0,Unidentified
691,Sep-2016,Quezon City,QCPD,,0,0,0.0,0.0,0.0,0.0,0.0,0.0,1.0,Unidentified
692,Aug-2017,Quezon City,QCPD,,0,0,0.0,0.0,0.0,0.0,1.0,0.0,0.0,Unidentified
693,Mar-2017,Quezon City,QCPD,,0,0,0.0,0.0,0.0,0.0,1.0,0.0,0.0,Unidentified
694,Aug-2017,Quezon City,QCPD,,1,0,0.0,0.0,0.0,0.0,1.0,0.0,0.0,Unidentified
697,Jul-2017,Quezon City,QCPD,,0,0,0.0,0.0,0.0,0.0,1.0,0.0,0.0,Unidentified
698,Jul-2017,Quezon City,QCPD,,1,0,0.0,0.0,0.0,0.0,1.0,0.0,0.0,Unidentified
699,Jul-2017,Quezon City,QCPD,,0,0,0.0,0.0,0.0,0.0,1.0,0.0,0.0,Unidentified
700,Feb-2017,Quezon City,QCPD,,0,0,0.0,0.0,0.0,0.0,1.0,0.0,0.0,Unidentified
701,Jul-2016,Quezon City,QCPD,,0,1,,,,0.0,0.0,0.0,0.0,Unidentified
704,Jun-2017,Quezon City,QCPD,,0,1,0.0,0.0,0.0,0.0,0.0,0.0,0.0,Unidentified
705,Jun-2017,Quezon City,QCPD,,0,1,0.0,0.0,0.0,0.0,0.0,0.0,0.0,Unidentified
708,Jul-2017,Quezon City,QCPD,,1,1,0.0,0.0,0.0,0.0,0.0,0.0,0.0,Unidentified
709,Sep-2017,Quezon City,QCPD,,1,1,,,0.0,,0.0,0.0,0.0,Unidentified
710,Oct-2017,Quezon City,QCPD,,0,1,,,,,,0.0,,Unidentified
711,Jun-2017,Quezon City,QCPD,PS 06 Batasan,0,0,0.0,0.0,1.0,0.0,0.0,0.0,0.0,Unidentified
712,Jul-2016,Quezon City,QCPD,PS 09 Quirino,1,0,,,,0.0,0.0,0.0,0.0,Unidentified
1,Jul-2016,Quezon City,QCPD,PS 05 Fairview,1,0,,,,,,,,Police
2,Jul-2016,Quezon City,QCPD,PS 08 Project 4,1,1,,,,,,1.0,,Police
3,Jul-2016,Quezon City,QCPD,PS 06 Batasan,1,1,,,,,,0.0,,Police
4,Jul-2016,Quezon City,QCPD,PS 11 Galas,1,1,,,,,,1.0,,Police
5,Jul-2016,Quezon City,QCPD,PS 01 La Loma,1,1,,,,,,1.0,,Police
6,Jul-2016,Quezon City,QCPD,PS 05 Fairview,1,1,,,,,,0.0,,Police
7,Jul-2016,Quezon City,QCPD,PS 09 Quirino,1,1,,,,,,0.0,,Police
8,Jul-2016,Quezon City,QCPD,PS 09 Quirino,1,1,,,,,,1.0,,Police
9,Jul-2016,Quezon City,QCPD,PS 09 Quirino,1,1,,,,,,0.0,,Police
10,Jul-2016,Quezon City,QCPD,PS 09 Quirino,1,1,,,,,,0.0,,Police
11,Jul-2016,Quezon City,QCPD,PS 01 La Loma,1,0,,,,0.0,0.0,0.0,0.0,Police
12,Jul-2016,Quezon City,QCPD,PS 06 Batasan,1,0,,,,0.0,0.0,0.0,0.0,Police
13,Jul-2016,Quezon City,QCPD,PS 09 Quirino,1,1,,,,,,0.0,,Police
14,Aug-2016,Quezon City,QCPD,PS 01 La Loma,1,1,0.0,0.0,0.0,0.0,0.0,0.0,0.0,Police
15,Aug-2016,Quezon City,QCPD,PS 01 La Loma,1,1,0.0,0.0,0.0,0.0,0.0,0.0,0.0,Police
16,Aug-2016,Quezon City,QCPD,PS 01 La Loma,1,1,0.0,0.0,0.0,0.0,0.0,0.0,0.0,Police
19,Sep-2016,Quezon City,QCPD,PS 09 Quirino,1,1,0.0,0.0,0.0,0.0,0.0,0.0,0.0,Police
20,Sep-2016,Quezon City,QCPD,PS 09 Quirino,1,1,0.0,0.0,0.0,0.0,0.0,0.0,0.0,Police
22,Oct-2016,Quezon City,QCPD,PS 04 Novaliches,1,1,0.0,0.0,0.0,0.0,0.0,1.0,0.0,Police
23,Oct-2016,Quezon City,QCPD,PS 04 Novaliches,1,1,0.0,0.0,0.0,0.0,0.0,1.0,0.0,Police
24,Oct-2016,Quezon City,QCPD,PS 04 Novaliches,1,1,0.0,0.0,0.0,0.0,0.0,1.0,0.0,Police
25,Oct-2016,Quezon City,QCPD,PS 04 Novaliches,1,1,0.0,0.0,0.0,0.0,0.0,0.0,0.0,Police
27,Oct-2016,Quezon City,QCPD,PS 06 Batasan,1,1,0.0,0.0,0.0,0.0,0.0,1.0,1.0,Police
28,Oct-2016,Quezon City,QCPD,PS 02 Masambong,1,1,0.0,0.0,0.0,0.0,0.0,1.0,0.0,Police
29,Oct-2016,Quezon City,QCPD,PS 02 Masambong,1,1,0.0,0.0,0.0,0.0,0.0,1.0,0.0,Police
30,Oct-2016,Quezon City,QCPD,PS 02 Masambong,1,1,0.0,0.0,0.0,0.0,0.0,0.0,0.0,Police
31,Oct-2016,Quezon City,QCPD,PS 02 Masambong,1,1,0.0,0.0,0.0,0.0,0.0,0.0,0.0,Police
32,Aug-2016,Quezon City,QCPD,PS 02 Masambong,1,1,,,,0.0,0.0,1.0,0.0,Police
33,Aug-2016,Quezon City,QCPD,PS 04 Novaliches,1,1,,,,0.0,0.0,1.0,0.0,Police
34,Aug-2016,Quezon City,QCPD,PS 04 Novaliches,1,1,,,,0.0,0.0,1.0,0.0,Police
35,Aug-2016,Quezon City,QCPD,PS 06 Batasan,1,1,,,,0.0,0.0,1.0,0.0,Police
36,Aug-2016,Quezon City,QCPD,PS 06 Batasan,1,0,,,,0.0,0.0,0.0,0.0,Police
37,Aug-2016,Quezon City,QCPD,PS 06 Batasan,1,1,,,,1.0,1.0,1.0,0.0,Police
38,Aug-2016,Quezon City,QCPD,PS 06 Batasan,1,1,,1.0,,0.0,0.0,0.0,0.0,Police
39,Aug-2016,Quezon City,QCPD,PS 06 Batasan,1,1,,0.0,,0.0,0.0,0.0,0.0,Police
40,Aug-2016,Quezon City,QCPD,PS 06 Batasan,1,1,,0.0,,0.0,0.0,0.0,0.0,Police
41,Aug-2016,Quezon City,QCPD,PS 06 Batasan,1,1,,0.0,,0.0,0.0,0.0,0.0,Police
42,Aug-2016,Quezon City,QCPD,PS 06 Batasan,1,1,,0.0,,0.0,0.0,0.0,0.0,Police
43,Aug-2016,Quezon City,QCPD,PS 06 Batasan,1,1,,1.0,1.0,0.0,1.0,1.0,0.0,Police
44,Aug-2016,Quezon City,QCPD,PS 06 Batasan,1,1,,1.0,1.0,0.0,1.0,0.0,0.0,Police
45,Aug-2016,Quezon City,QCPD,PS 06 Batasan,1,1,,0.0,1.0,0.0,1.0,1.0,0.0,Police
46,Aug-2016,Quezon City,QCPD,PS 06 Batasan,1,1,1.0,1.0,1.0,0.0,1.0,0.0,0.0,Police
47,Sep-2016,Quezon City,QCPD,PS 11 Galas,1,1,0.0,0.0,1.0,0.0,0.0,1.0,0.0,Police
48,Sep-2016,Quezon City,QCPD,PS 06 Batasan,1,1,0.0,0.0,0.0,1.0,1.0,1.0,0.0,Police
49,Sep-2016,Quezon City,QCPD,PS 06 Batasan,1,1,0.0,0.0,0.0,1.0,1.0,0.0,0.0,Police
50,Sep-2016,Quezon City,QCPD,PS 10 Kamuning,1,1,0.0,0.0,0.0,0.0,0.0,0.0,0.0,Police
51,Sep-2016,Quezon City,QCPD,PS 02 Masambong,1,1,0.0,0.0,0.0,0.0,0.0,1.0,0.0,Police
52,Sep-2016,Quezon City,QCPD,PS 02 Masambong,1,1,0.0,0.0,0.0,0.0,0.0,0.0,0.0,Police
53,Sep-2016,Quezon City,QCPD,PS 02 Masambong,1,1,0.0,0.0,0.0,0.0,0.0,0.0,0.0,Police
54,Sep-2016,Quezon City,QCPD,PS 02 Masambong,1,0,0.0,0.0,0.0,0.0,0.0,0.0,0.0,Police
55,Sep-2016,Quezon City,QCPD,PS 06 Batasan,1,1,0.0,0.0,0.0,1.0,1.0,1.0,0.0,Police
56,Sep-2016,Quezon City,QCPD,PS 02 Masambong,1,1,0.0,0.0,0.0,0.0,0.0,1.0,0.0,Police
57,Sep-2016,Quezon City,QCPD,PS 05 Fairview,1,1,0.0,0.0,0.0,0.0,0.0,0.0,0.0,Police
58,Sep-2016,Quezon City,QCPD,PS 06 Batasan,1,1,0.0,0.0,0.0,0.0,0.0,1.0,0.0,Police
59,Sep-2016,Quezon City,QCPD,PS 06 Batasan,1,1,0.0,0.0,0.0,0.0,0.0,0.0,0.0,Police
60,Sep-2016,Quezon City,QCPD,PS 04 Novaliches,1,1,1.0,0.0,0.0,0.0,0.0,1.0,0.0,Police
61,Sep-2016,Quezon City,QCPD,PS 04 Novaliches,1,1,1.0,0.0,0.0,0.0,0.0,0.0,0.0,Police
62,Sep-2016,Quezon City,QCPD,PS 04 Novaliches,1,1,1.0,0.0,0.0,0.0,0.0,1.0,0.0,Police
63,Sep-2016,Quezon City,QCPD,PS 04 Novaliches,1,1,1.0,0.0,0.0,0.0,0.0,1.0,0.0,Police
64,Sep-2016,Quezon City,QCPD,PS 04 Novaliches,1,1,1.0,0.0,0.0,0.0,0.0,1.0,0.0,Police
65,Sep-2016,Quezon City,QCPD,PS 04 Novaliches,1,1,1.0,0.0,0.0,0.0,0.0,1.0,0.0,Police
66,Oct-2016,Quezon City,QCPD,PS 06 Batasan,1,1,0.0,0.0,0.0,0.0,1.0,0.0,0.0,Police
67,Oct-2016,Quezon City,QCPD,PS 04 Novaliches,1,1,0.0,0.0,0.0,0.0,0.0,0.0,0.0,Police
68,Oct-2016,Quezon City,QCPD,PS 02 Masambong,1,1,0.0,0.0,0.0,0.0,0.0,1.0,0.0,Police
69,Oct-2016,Quezon City,QCPD,PS 04 Novaliches,1,1,0.0,0.0,0.0,0.0,0.0,1.0,0.0,Police
70,Oct-2016,Quezon City,QCPD,PS 01 La Loma,1,0,0.0,0.0,0.0,0.0,0.0,0.0,0.0,Police
71,Oct-2016,Quezon City,QCPD,PS 06 Batasan,1,0,0.0,0.0,0.0,0.0,0.0,0.0,0.0,Police
72,Oct-2016,Quezon City,QCPD,PS 11 Galas,1,0,0.0,0.0,0.0,0.0,0.0,0.0,0.0,Police
73,Oct-2016,Quezon City,QCPD,PS 04 Novaliches,1,1,0.0,0.0,0.0,0.0,0.0,0.0,0.0,Police
74,Oct-2016,Quezon City,QCPD,PS 04 Novaliches,1,1,0.0,0.0,0.0,0.0,0.0,1.0,0.0,Police
75,Nov-2016,Quezon City,QCPD,PS 04 Novaliches,1,1,0.0,0.0,0.0,0.0,0.0,0.0,0.0,Police
76,Nov-2016,Quezon City,QCPD,PS 04 Novaliches,1,1,0.0,0.0,0.0,0.0,0.0,1.0,0.0,Police
77,Nov-2016,Quezon City,QCPD,PS 04 Novaliches,1,1,0.0,0.0,0.0,0.0,0.0,1.0,0.0,Police
78,Nov-2016,Quezon City,QCPD,PS 05 Fairview,1,1,0.0,0.0,0.0,0.0,0.0,1.0,0.0,Police
79,Nov-2016,Quezon City,QCPD,PS 06 Batasan,1,1,0.0,0.0,0.0,0.0,0.0,0.0,0.0,Police
80,Nov-2016,Quezon City,QCPD,PS 06 Batasan,1,1,0.0,0.0,0.0,0.0,0.0,0.0,0.0,Police
81,Nov-2016,Quezon City,QCPD,PS 05 Fairview,1,1,0.0,0.0,0.0,0.0,0.0,0.0,0.0,Police
82,Nov-2016,Quezon City,QCPD,PS 02 Masambong,1,1,0.0,0.0,0.0,0.0,0.0,1.0,0.0,Police
83,Nov-2016,Quezon City,QCPD,PS 02 Masambong,1,1,0.0,0.0,0.0,1.0,1.0,1.0,0.0,Police
84,Nov-2016,Quezon City,QCPD,PS 02 Masambong,1,1,0.0,0.0,0.0,0.0,0.0,0.0,0.0,Police
85,Nov-2016,Quezon City,QCPD,PS 04 Novaliches,1,1,0.0,0.0,0.0,0.0,0.0,1.0,0.0,Police
86,Nov-2016,Quezon City,QCPD,PS 04 Novaliches,1,1,0.0,0.0,0.0,0.0,0.0,0.0,0.0,Police
87,Nov-2016,Quezon City,QCPD,PS 06 Batasan,1,1,0.0,0.0,0.0,0.0,0.0,1.0,0.0,Police
88,Nov-2016,Quezon City,QCPD,PS 02 Masambong,1,1,0.0,0.0,0.0,0.0,0.0,0.0,0.0,Police
89,Nov-2016,Quezon City,QCPD,PS 02 Masambong,1,1,0.0,0.0,0.0,0.0,0.0,1.0,0.0,Police
90,Nov-2016,Quezon City,QCPD,PS 06 Batasan,1,1,0.0,0.0,1.0,0.0,1.0,1.0,1.0,Police
91,Dec-2016,Quezon City,QCPD,PS 05 Fairview,1,1,0.0,0.0,0.0,0.0,0.0,1.0,0.0,Police
92,Dec-2016,Quezon City,QCPD,PS 02 Masambong,1,1,0.0,0.0,0.0,0.0,0.0,1.0,0.0,Police
93,Dec-2016,Quezon City,QCPD,PS 05 Fairview,1,1,0.0,0.0,0.0,0.0,0.0,0.0,0.0,Police
94,Dec-2016,Quezon City,QCPD,PS 04 Novaliches,1,1,0.0,0.0,0.0,0.0,0.0,0.0,0.0,Police
95,Dec-2016,Quezon City,QCPD,PS 02 Masambong,1,1,0.0,0.0,0.0,0.0,0.0,1.0,0.0,Police
96,Dec-2016,Quezon City,QCPD,PS 02 Masambong,1,1,0.0,0.0,0.0,0.0,0.0,1.0,0.0,Police
97,Dec-2016,Quezon City,QCPD,PS 02 Masambong,1,1,0.0,0.0,0.0,0.0,0.0,0.0,0.0,Police
98,Jan-2017,Quezon City,QCPD,PS 04 Novaliches,1,1,0.0,0.0,0.0,0.0,0.0,1.0,0.0,Police
99,Jan-2017,Quezon City,QCPD,PS 04 Novaliches,1,1,0.0,0.0,0.0,0.0,0.0,1.0,0.0,Police
100,Jan-2017,Quezon City,QCPD,PS 04 Novaliches,1,1,0.0,0.0,0.0,0.0,0.0,1.0,0.0,Police
101,Apr-2017,Quezon City,QCPD,PS 05 Fairview,1,1,0.0,0.0,0.0,0.0,0.0,1.0,0.0,Police
102,May-2017,Quezon City,QCPD,PS 02 Masambong,1,1,0.0,0.0,0.0,0.0,0.0,1.0,0.0,Police
103,May-2017,Quezon City,QCPD,PS 02 Masambong,1,1,0.0,0.0,0.0,0.0,0.0,1.0,0.0,Police
104,Jul-2016,Quezon City,QCPD,PS 04 Novaliches,1,1,,,,0.0,0.0,1.0,0.0,Police
105,Jul-2016,Quezon City,QCPD,PS 04 Novaliches,1,1,,,,0.0,0.0,1.0,0.0,Police
106,Jul-2016,Quezon City,QCPD,PS 04 Novaliches,1,1,,,,0.0,0.0,0.0,0.0,Police
107,Jul-2016,Quezon City,QCPD,PS 04 Novaliches,1,1,,,,0.0,0.0,0.0,0.0,Police
108,Jul-2016,Quezon City,QCPD,PS 04 Novaliches,1,1,,,,0.0,0.0,1.0,0.0,Police
109,Jul-2016,Quezon City,QCPD,PS 07 Cubao,1,1,,,,0.0,0.0,0.0,0.0,Police
110,Aug-2016,Quezon City,QCPD,PS 06 Batasan,1,1,0.0,0.0,0.0,1.0,1.0,0.0,0.0,Police
111,Aug-2016,Quezon City,QCPD,PS 10 Kamuning,1,1,0.0,0.0,0.0,0.0,0.0,0.0,0.0,Police
112,Aug-2016,Quezon City,QCPD,PS 10 Kamuning,1,1,,,,0.0,0.0,1.0,0.0,Police
113,Sep-2016,Quezon City,QCPD,PS 03 Talipapa,1,1,0.0,0.0,0.0,0.0,0.0,1.0,0.0,Police
114,Sep-2016,Quezon City,QCPD,PS 06 Batasan,1,1,0.0,0.0,0.0,0.0,0.0,0.0,1.0,Police
115,Sep-2016,Quezon City,QCPD,PS 06 Batasan,1,1,0.0,0.0,0.0,0.0,0.0,0.0,1.0,Police
116,Sep-2016,Quezon City,QCPD,PS 06 Batasan,1,1,1.0,0.0,1.0,0.0,0.0,0.0,0.0,Police
117,Sep-2016,Quezon City,QCPD,PS 06 Batasan,1,1,1.0,0.0,1.0,0.0,0.0,0.0,0.0,Police
118,Sep-2016,Quezon City,QCPD,PS 06 Batasan,1,1,1.0,0.0,1.0,0.0,0.0,0.0,0.0,Police
119,Sep-2016,Quezon City,QCPD,PS 06 Batasan,1,1,1.0,0.0,1.0,0.0,0.0,0.0,0.0,Police
120,Sep-2016,Quezon City,QCPD,PS 06 Batasan,1,1,1.0,0.0,1.0,0.0,0.0,0.0,0.0,Police
121,Sep-2016,Quezon City,QCPD,PS 06 Batasan,1,1,1.0,0.0,1.0,0.0,0.0,0.0,0.0,Police
122,Sep-2016,Quezon City,QCPD,PS 06 Batasan,1,1,1.0,0.0,1.0,0.0,0.0,0.0,0.0,Police
123,Sep-2016,Quezon City,QCPD,PS 06 Batasan,1,1,0.0,0.0,0.0,1.0,1.0,1.0,0.0,Police
124,Sep-2016,Quezon City,QCPD,PS 06 Batasan,1,1,0.0,0.0,0.0,1.0,1.0,1.0,0.0,Police
125,Sep-2016,Quezon City,QCPD,PS 06 Batasan,1,1,0.0,0.0,0.0,1.0,1.0,1.0,0.0,Police
126,Sep-2016,Quezon City,QCPD,PS 04 Novaliches,1,1,0.0,0.0,0.0,0.0,0.0,1.0,0.0,Police
127,Sep-2016,Quezon City,QCPD,PS 04 Novaliches,1,1,0.0,0.0,0.0,0.0,0.0,0.0,0.0,Police
128,Sep-2016,Quezon City,QCPD,PS 04 Novaliches,1,1,0.0,0.0,0.0,0.0,0.0,0.0,0.0,Police
129,Sep-2016,Quezon City,QCPD,PS 06 Batasan,1,1,0.0,0.0,0.0,0.0,0.0,0.0,1.0,Police
130,Sep-2016,Quezon City,QCPD,PS 06 Batasan,1,1,0.0,0.0,0.0,0.0,0.0,0.0,1.0,Police
131,Oct-2016,Quezon City,QCPD,PS 06 Batasan,1,1,0.0,0.0,0.0,0.0,0.0,0.0,0.0,Police
132,Oct-2016,Quezon City,QCPD,PS 06 Batasan,1,1,0.0,0.0,0.0,0.0,1.0,1.0,0.0,Police
133,Oct-2016,Quezon City,QCPD,PS 06 Batasan,1,1,0.0,0.0,0.0,0.0,0.0,0.0,0.0,Police
134,Oct-2016,Quezon City,QCPD,PS 06 Batasan,1,1,0.0,0.0,0.0,0.0,0.0,0.0,1.0,Police
135,Oct-2016,Quezon City,QCPD,PS 09 Quirino,1,1,0.0,0.0,0.0,0.0,0.0,0.0,0.0,Police
136,Oct-2016,Quezon City,QCPD,PS 09 Quirino,1,1,0.0,0.0,0.0,0.0,0.0,0.0,0.0,Police
137,Oct-2016,Quezon City,QCPD,PS 06 Batasan,1,1,0.0,0.0,0.0,0.0,0.0,0.0,0.0,Police
138,Oct-2016,Quezon City,QCPD,PS 04 Novaliches,1,1,0.0,0.0,0.0,0.0,0.0,0.0,0.0,Police
139,Oct-2016,Quezon City,QCPD,PS 06 Batasan,1,1,0.0,0.0,0.0,0.0,0.0,0.0,0.0,Police
140,Nov-2016,Quezon City,QCPD,PS 06 Batasan,1,1,0.0,0.0,0.0,0.0,0.0,1.0,0.0,Police
141,Nov-2016,Quezon City,QCPD,PS 04 Novaliches,1,1,0.0,0.0,0.0,0.0,0.0,0.0,0.0,Police
142,Nov-2016,Quezon City,QCPD,PS 04 Novaliches,1,1,0.0,0.0,0.0,0.0,0.0,0.0,0.0,Police
143,Nov-2016,Quezon City,QCPD,PS 06 Batasan,1,1,0.0,0.0,0.0,0.0,0.0,1.0,0.0,Police
144,Nov-2016,Quezon City,QCPD,PS 04 Novaliches,1,0,0.0,0.0,0.0,0.0,0.0,0.0,0.0,Police
145,Nov-2016,Quezon City,QCPD,PS 06 Batasan,1,1,0.0,0.0,0.0,0.0,0.0,0.0,1.0,Police
146,Nov-2016,Quezon City,QCPD,PS 04 Novaliches,1,1,0.0,0.0,0.0,0.0,0.0,1.0,0.0,Police
147,Nov-2016,Quezon City,QCPD,PS 04 Novaliches,1,1,0.0,0.0,0.0,0.0,0.0,0.0,0.0,Police
148,Nov-2016,Quezon City,QCPD,PS 06 Batasan,1,1,0.0,0.0,0.0,1.0,1.0,1.0,0.0,Police
149,Nov-2016,Quezon City,QCPD,PS 06 Batasan,1,1,0.0,0.0,0.0,1.0,1.0,0.0,0.0,Police
150,Nov-2016,Quezon City,QCPD,PS 01 La Loma,1,1,0.0,0.0,0.0,0.0,0.0,0.0,0.0,Police
151,Nov-2016,Quezon City,QCPD,PS 01 La Loma,1,1,0.0,0.0,0.0,0.0,0.0,0.0,0.0,Police
152,Nov-2016,Quezon City,QCPD,PS 06 Batasan,1,1,0.0,0.0,0.0,0.0,0.0,1.0,0.0,Police
153,Nov-2016,Quezon City,QCPD,PS 06 Batasan,1,1,0.0,0.0,0.0,0.0,0.0,1.0,0.0,Police
154,Nov-2016,Quezon City,QCPD,PS 06 Batasan,1,1,0.0,0.0,0.0,0.0,0.0,1.0,0.0,Police
155,Nov-2016,Quezon City,QCPD,PS 06 Batasan,1,1,0.0,0.0,0.0,0.0,0.0,1.0,0.0,Police
156,Nov-2016,Quezon City,QCPD,PS 06 Batasan,1,1,0.0,0.0,0.0,0.0,0.0,1.0,0.0,Police
157,Nov-2016,Quezon City,QCPD,PS 04 Novaliches,1,1,0.0,0.0,0.0,0.0,0.0,1.0,0.0,Police
158,Nov-2016,Quezon City,QCPD,PS 11 Galas,1,1,0.0,0.0,0.0,0.0,0.0,1.0,0.0,Police
159,Dec-2016,Quezon City,QCPD,PS 06 Batasan,1,1,0.0,0.0,0.0,1.0,1.0,1.0,0.0,Police
160,Dec-2016,Quezon City,QCPD,PS 06 Batasan,1,1,0.0,0.0,0.0,0.0,0.0,0.0,0.0,Police
161,Dec-2016,Quezon City,QCPD,PS 06 Batasan,1,1,0.0,0.0,0.0,1.0,1.0,1.0,0.0,Police
162,Dec-2016,Quezon City,QCPD,PS 06 Batasan,1,1,0.0,0.0,0.0,1.0,1.0,1.0,0.0,Police
163,Dec-2016,Quezon City,QCPD,PS 06 Batasan,1,1,0.0,0.0,0.0,0.0,1.0,0.0,1.0,Police
164,Dec-2016,Quezon City,QCPD,PS 06 Batasan,1,0,0.0,0.0,0.0,0.0,0.0,1.0,1.0,Police
165,Dec-2016,Quezon City,QCPD,PS 06 Batasan,1,1,0.0,0.0,1.0,0.0,1.0,1.0,0.0,Police
166,Dec-2016,Quezon City,QCPD,PS 06 Batasan,1,1,0.0,0.0,1.0,0.0,1.0,0.0,0.0,Police
167,Dec-2016,Quezon City,QCPD,PS 06 Batasan,1,1,0.0,0.0,0.0,0.0,0.0,0.0,0.0,Police
168,Dec-2016,Quezon City,QCPD,PS 06 Batasan,1,1,0.0,0.0,0.0,0.0,0.0,1.0,0.0,Police
169,Dec-2016,Quezon City,QCPD,PS 07 Cubao,1,1,0.0,0.0,0.0,0.0,0.0,0.0,0.0,Police
170,Dec-2016,Quezon City,QCPD,PS 06 Batasan,1,1,0.0,0.0,0.0,0.0,0.0,0.0,0.0,Police
171,Dec-2016,Quezon City,QCPD,PS 06 Batasan,1,1,0.0,0.0,0.0,0.0,0.0,0.0,0.0,Police
172,Dec-2016,Quezon City,QCPD,PS 06 Batasan,1,1,0.0,0.0,0.0,0.0,0.0,0.0,0.0,Police
173,Dec-2016,Quezon City,QCPD,PS 06 Batasan,1,1,0.0,0.0,0.0,0.0,0.0,0.0,0.0,Police
174,Dec-2016,Quezon City,QCPD,PS 06 Batasan,1,1,0.0,0.0,0.0,0.0,0.0,1.0,0.0,Police
175,Dec-2016,Quezon City,QCPD,PS 06 Batasan,1,1,0.0,0.0,0.0,0.0,0.0,0.0,0.0,Police
176,Dec-2016,Quezon City,QCPD,PS 06 Batasan,1,1,0.0,0.0,0.0,0.0,0.0,1.0,0.0,Police
177,Dec-2016,Quezon City,QCPD,PS 06 Batasan,1,1,0.0,0.0,0.0,0.0,0.0,0.0,1.0,Police
178,Dec-2016,Quezon City,QCPD,PS 06 Batasan,1,1,0.0,0.0,0.0,0.0,0.0,1.0,1.0,Police
179,Dec-2016,Quezon City,QCPD,PS 06 Batasan,1,1,0.0,0.0,0.0,0.0,0.0,1.0,1.0,Police
180,Dec-2016,Quezon City,QCPD,PS 04 Novaliches,1,1,0.0,0.0,0.0,0.0,0.0,1.0,0.0,Police
181,Jan-2017,Quezon City,QCPD,PS 06 Batasan,1,1,0.0,0.0,0.0,0.0,1.0,1.0,1.0,Police
182,Jan-2017,Quezon City,QCPD,PS 03 Talipapa,1,1,0.0,0.0,0.0,0.0,0.0,1.0,0.0,Police
183,Jan-2017,Quezon City,QCPD,PS 06 Batasan,1,1,0.0,0.0,0.0,0.0,0.0,1.0,1.0,Police
184,Jan-2017,Quezon City,QCPD,PS 04 Novaliches,1,1,0.0,0.0,0.0,0.0,0.0,0.0,0.0,Police
185,Jan-2017,Quezon City,QCPD,PS 07 Cubao,1,1,0.0,0.0,0.0,0.0,0.0,0.0,0.0,Police
186,Jan-2017,Quezon City,QCPD,PS 06 Batasan,1,1,0.0,0.0,0.0,0.0,0.0,0.0,1.0,Police
187,Jan-2017,Quezon City,QCPD,PS 06 Batasan,1,1,0.0,0.0,0.0,0.0,0.0,0.0,1.0,Police
188,Jan-2017,Quezon City,QCPD,PS 06 Batasan,1,1,0.0,0.0,0.0,0.0,0.0,0.0,0.0,Police
189,Jan-2017,Quezon City,QCPD,PS 06 Batasan,1,1,0.0,0.0,0.0,0.0,0.0,1.0,0.0,Police
190,Jan-2017,Quezon City,QCPD,PS 04 Novaliches,1,1,0.0,0.0,0.0,0.0,0.0,1.0,0.0,Police
191,Jan-2017,Quezon City,QCPD,PS 04 Novaliches,1,1,0.0,0.0,0.0,0.0,0.0,1.0,0.0,Police
192,Jan-2017,Quezon City,QCPD,PS 04 Novaliches,1,1,0.0,0.0,0.0,0.0,0.0,1.0,0.0,Police
193,Jan-2017,Quezon City,QCPD,PS 04 Novaliches,1,1,0.0,0.0,0.0,0.0,0.0,1.0,0.0,Police
194,Jan-2017,Quezon City,QCPD,PS 04 Novaliches,1,1,0.0,0.0,0.0,0.0,0.0,0.0,0.0,Police
195,Jan-2017,Quezon City,QCPD,PS 04 Novaliches,1,1,0.0,0.0,0.0,0.0,0.0,0.0,0.0,Police
196,Jan-2017,Quezon City,QCPD,PS 04 Novaliches,1,1,0.0,0.0,0.0,0.0,0.0,1.0,0.0,Police
197,Jan-2017,Quezon City,QCPD,PS 04 Novaliches,1,1,0.0,0.0,0.0,0.0,0.0,1.0,0.0,Police
198,Jan-2017,Quezon City,QCPD,PS 07 Cubao,1,1,0.0,0.0,0.0,0.0,0.0,1.0,0.0,Police
199,Jan-2017,Quezon City,QCPD,PS 07 Cubao,1,1,0.0,0.0,0.0,0.0,0.0,1.0,0.0,Police
200,Jan-2017,Quezon City,QCPD,PS 06 Batasan,1,1,0.0,0.0,0.0,0.0,0.0,1.0,0.0,Police
201,Jan-2017,Quezon City,QCPD,PS 06 Batasan,1,1,0.0,0.0,0.0,0.0,1.0,1.0,0.0,Police
202,Jan-2017,Quezon City,QCPD,PS 06 Batasan,1,1,0.0,0.0,1.0,0.0,1.0,1.0,1.0,Police
203,Apr-2017,Quezon City,QCPD,PS 06 Batasan,1,1,0.0,0.0,0.0,0.0,1.0,1.0,0.0,Police
204,Apr-2017,Quezon City,QCPD,PS 06 Batasan,1,1,0.0,0.0,0.0,0.0,0.0,1.0,0.0,Police
205,May-2017,Quezon City,QCPD,PS 06 Batasan,1,0,1.0,0.0,0.0,0.0,0.0,0.0,1.0,Police
206,May-2017,Quezon City,QCPD,PS 06 Batasan,1,0,0.0,0.0,0.0,1.0,1.0,0.0,0.0,Police
207,May-2017,Quezon City,QCPD,PS 06 Batasan,1,0,0.0,0.0,0.0,0.0,1.0,0.0,0.0,Police
208,May-2017,Quezon City,QCPD,PS 04 Novaliches,1,0,0.0,0.0,0.0,0.0,0.0,0.0,0.0,Police
209,May-2017,Quezon City,QCPD,PS 06 Batasan,1,1,0.0,0.0,0.0,0.0,0.0,0.0,0.0,Police
210,May-2017,Quezon City,QCPD,PS 06 Batasan,1,1,0.0,0.0,0.0,0.0,0.0,1.0,0.0,Police
211,Jun-2017,Quezon City,QCPD,PS 04 Novaliches,1,1,0.0,0.0,0.0,0.0,0.0,1.0,0.0,Police
212,Oct-2016,Quezon City,QCPD,PS 04 Novaliches,1,0,0.0,0.0,0.0,0.0,0.0,0.0,0.0,Police
213,Oct-2016,Quezon City,QCPD,PS 04 Novaliches,1,0,0.0,0.0,0.0,0.0,0.0,0.0,0.0,Police
214,Oct-2016,Quezon City,QCPD,PS 04 Novaliches,1,1,0.0,0.0,0.0,0.0,0.0,1.0,0.0,Police
215,Oct-2016,Quezon City,QCPD,PS 04 Novaliches,1,0,0.0,0.0,0.0,0.0,0.0,0.0,0.0,Police
216,Nov-2016,Quezon City,QCPD,PS 04 Novaliches,1,0,1.0,0.0,0.0,0.0,0.0,0.0,0.0,Police
217,Nov-2016,Quezon City,QCPD,PS 04 Novaliches,1,1,0.0,0.0,0.0,0.0,0.0,1.0,0.0,Police
218,Nov-2016,Quezon City,QCPD,PS 04 Novaliches,1,1,0.0,0.0,0.0,0.0,0.0,1.0,0.0,Police
219,Dec-2016,Quezon City,QCPD,PS 04 Novaliches,1,1,0.0,0.0,0.0,0.0,0.0,1.0,0.0,Police
220,Dec-2016,Quezon City,QCPD,PS 04 Novaliches,1,1,0.0,0.0,0.0,0.0,0.0,1.0,0.0,Police
221,Dec-2016,Quezon City,QCPD,PS 04 Novaliches,1,1,0.0,0.0,0.0,0.0,0.0,1.0,0.0,Police
222,Dec-2016,Quezon City,QCPD,PS 04 Novaliches,1,1,0.0,0.0,0.0,0.0,0.0,1.0,0.0,Police
223,Dec-2016,Quezon City,QCPD,PS 04 Novaliches,1,1,0.0,0.0,0.0,0.0,0.0,1.0,0.0,Police
224,Jan-2017,Quezon City,QCPD,PS 04 Novaliches,1,1,0.0,0.0,0.0,0.0,0.0,1.0,0.0,Police
225,Jan-2017,Quezon City,QCPD,PS 04 Novaliches,1,1,0.0,0.0,0.0,0.0,0.0,1.0,0.0,Police
226,Jan-2017,Quezon City,QCPD,PS 04 Novaliches,1,1,0.0,0.0,0.0,0.0,0.0,0.0,0.0,Police
227,Jan-2017,Quezon City,QCPD,PS 04 Novaliches,1,1,0.0,0.0,0.0,0.0,0.0,0.0,0.0,Police
228,Jan-2017,Quezon City,QCPD,PS 04 Novaliches,1,1,0.0,0.0,0.0,0.0,0.0,1.0,0.0,Police
229,May-2017,Quezon City,QCPD,PS 06 Batasan,1,1,0.0,0.0,0.0,0.0,0.0,1.0,0.0,Police
243,Nov-2016,Quezon City,QCPD,PS 09 Quirino,1,0,0.0,0.0,0.0,0.0,0.0,0.0,0.0,Police
244,Nov-2016,Quezon City,QCPD,PS 09 Quirino,1,0,0.0,0.0,0.0,0.0,0.0,0.0,0.0,Police
316,Sep-2016,Quezon City,QCPD,PS 01 La Loma,1,1,0.0,0.0,0.0,0.0,0.0,0.0,0.0,Police
317,Sep-2016,Quezon City,QCPD,PS 01 La Loma,1,1,0.0,0.0,0.0,0.0,0.0,0.0,0.0,Police
318,Oct-2016,Quezon City,QCPD,PS 01 La Loma,1,1,0.0,0.0,0.0,0.0,0.0,1.0,0.0,Police
319,Oct-2016,Quezon City,QCPD,PS 01 La Loma,1,1,0.0,0.0,0.0,0.0,0.0,1.0,0.0,Police
320,Nov-2016,Quezon City,QCPD,PS 06 Batasan,1,0,0.0,0.0,0.0,0.0,0.0,0.0,0.0,Police
321,Nov-2016,Quezon City,QCPD,PS 02 Masambong,1,0,0.0,0.0,0.0,0.0,0.0,0.0,0.0,Police
322,Nov-2016,Quezon City,QCPD,PS 04 Novaliches,1,1,0.0,0.0,0.0,0.0,0.0,1.0,0.0,Police
323,Dec-2016,Quezon City,QCPD,PS 04 Novaliches,1,0,0.0,0.0,0.0,0.0,0.0,0.0,0.0,Police
324,Dec-2016,Quezon City,QCPD,PS 02 Masambong,1,1,0.0,0.0,0.0,0.0,0.0,1.0,0.0,Police
325,Dec-2016,Quezon City,QCPD,PS 04 Novaliches,1,1,0.0,0.0,0.0,0.0,0.0,1.0,0.0,Police
326,Jan-2017,Quezon City,QCPD,PS 04 Novaliches,1,0,0.0,0.0,0.0,0.0,0.0,0.0,0.0,Police
327,Jan-2017,Quezon City,QCPD,PS 04 Novaliches,1,0,0.0,0.0,0.0,0.0,0.0,0.0,0.0,Police
328,Jan-2017,Quezon City,QCPD,PS 04 Novaliches,1,0,0.0,0.0,0.0,0.0,0.0,0.0,0.0,Police
329,May-2017,Quezon City,QCPD,PS 04 Novaliches,1,1,0.0,0.0,0.0,0.0,0.0,1.0,0.0,Police
330,May-2017,Quezon City,QCPD,PS 04 Novaliches,1,1,0.0,0.0,0.0,0.0,0.0,0.0,0.0,Police
340,Aug-2016,Quezon City,QCPD,PS 04 Novaliches,1,1,0.0,0.0,0.0,0.0,0.0,0.0,0.0,Police
341,Aug-2016,Quezon City,QCPD,PS 04 Novaliches,1,0,0.0,0.0,0.0,0.0,0.0,0.0,0.0,Police
342,Aug-2016,Quezon City,QCPD,PS 10 Kamuning,1,1,,0.0,,0.0,0.0,1.0,0.0,Police
343,Aug-2016,Quezon City,QCPD,PS 10 Kamuning,1,1,,0.0,,0.0,0.0,0.0,0.0,Police
345,Aug-2016,Quezon City,QCPD,PS 03 Talipapa,1,1,,,,0.0,0.0,0.0,0.0,Police
346,Aug-2016,Quezon City,QCPD,PS 03 Talipapa,1,1,,,,0.0,0.0,0.0,0.0,Police
348,Aug-2016,Quezon City,QCPD,PS 11 Galas,1,1,,,,0.0,0.0,0.0,0.0,Police
350,Dec-2016,Quezon City,QCPD,PS 03 Talipapa,1,1,1.0,0.0,0.0,0.0,0.0,1.0,0.0,Police
356,Dec-2016,Quezon City,QCPD,PS 02 Masambong,1,1,0.0,0.0,0.0,0.0,0.0,1.0,0.0,Police
357,Dec-2016,Quezon City,QCPD,PS 02 Masambong,1,1,0.0,0.0,0.0,0.0,0.0,1.0,0.0,Police
360,Dec-2016,Quezon City,QCPD,PS 04 Novaliches,1,1,0.0,0.0,0.0,0.0,0.0,1.0,0.0,Police
366,Sep-2016,Quezon City,QCPD,PS 02 Masambong,1,1,0.0,0.0,0.0,0.0,0.0,0.0,0.0,Police
367,Sep-2016,Quezon City,QCPD,PS 02 Masambong,1,1,0.0,0.0,0.0,0.0,0.0,0.0,0.0,Police
368,Sep-2016,Quezon City,QCPD,PS 02 Masambong,1,1,0.0,0.0,0.0,0.0,0.0,0.0,0.0,Police
370,Sep-2016,Quezon City,QCPD,PS 02 Masambong,1,1,0.0,0.0,0.0,0.0,0.0,1.0,0.0,Police
371,Sep-2016,Quezon City,QCPD,PS 02 Masambong,1,1,0.0,0.0,0.0,0.0,0.0,0.0,0.0,Police
373,Sep-2016,Quezon City,QCPD,PS 03 Talipapa,1,0,0.0,0.0,0.0,0.0,0.0,0.0,0.0,Police
374,Sep-2016,Quezon City,QCPD,PS 03 Talipapa,1,0,0.0,0.0,0.0,0.0,0.0,0.0,0.0,Police
375,Sep-2016,Quezon City,QCPD,PS 02 Masambong,1,1,0.0,0.0,0.0,0.0,0.0,1.0,0.0,Police
376,Sep-2016,Quezon City,QCPD,PS 02 Masambong,1,1,0.0,0.0,0.0,0.0,0.0,0.0,0.0,Police
378,Sep-2016,Quezon City,QCPD,PS 11 Galas,1,1,0.0,0.0,0.0,0.0,0.0,1.0,0.0,Police
379,Sep-2016,Quezon City,QCPD,PS 11 Galas,1,1,0.0,0.0,0.0,0.0,0.0,1.0,0.0,Police
380,Sep-2016,Quezon City,QCPD,PS 11 Galas,1,1,0.0,0.0,0.0,0.0,0.0,0.0,0.0,Police
381,Sep-2016,Quezon City,QCPD,PS 11 Galas,1,1,0.0,0.0,0.0,0.0,0.0,0.0,0.0,Police
382,Oct-2016,Quezon City,QCPD,PS 03 Talipapa,1,1,0.0,0.0,0.0,0.0,0.0,1.0,0.0,Police
383,Oct-2016,Quezon City,QCPD,PS 03 Talipapa,1,1,0.0,0.0,0.0,0.0,0.0,1.0,0.0,Police
393,Oct-2016,Quezon City,QCPD,PS 05 Fairview,1,1,0.0,0.0,0.0,0.0,0.0,1.0,0.0,Police
394,Oct-2016,Quezon City,QCPD,PS 05 Fairview,1,1,0.0,0.0,0.0,0.0,0.0,0.0,0.0,Police
395,Oct-2016,Quezon City,QCPD,PS 04 Novaliches,1,0,0.0,0.0,0.0,0.0,0.0,0.0,0.0,Police
396,Oct-2016,Quezon City,QCPD,PS 04 Novaliches,1,0,0.0,0.0,0.0,0.0,0.0,0.0,0.0,Police
398,Oct-2016,Quezon City,QCPD,PS 05 Fairview,1,1,0.0,0.0,0.0,0.0,0.0,1.0,0.0,Police
399,Nov-2016,Quezon City,QCPD,PS 06 Batasan,1,1,0.0,0.0,0.0,0.0,0.0,1.0,0.0,Police
400,Nov-2016,Quezon City,QCPD,PS 06 Batasan,1,1,0.0,0.0,0.0,0.0,0.0,0.0,0.0,Police
401,Nov-2016,Quezon City,QCPD,PS 06 Batasan,1,1,0.0,0.0,0.0,0.0,0.0,0.0,0.0,Police
406,Nov-2016,Quezon City,QCPD,PS 04 Novaliches,1,1,0.0,0.0,0.0,0.0,0.0,0.0,0.0,Police
407,Nov-2016,Quezon City,QCPD,PS 04 Novaliches,1,1,0.0,0.0,0.0,0.0,0.0,0.0,0.0,Police
410,Jul-2016,Quezon City,QCPD,PS 02 Masambong,1,1,,,,0.0,0.0,0.0,0.0,Police
411,Jul-2016,Quezon City,QCPD,PS 11 Galas,1,1,,,,0.0,0.0,0.0,0.0,Police
415,Jul-2016,Quezon City,QCPD,PS 03 Talipapa,1,1,,,,,,0.0,,Police
418,Jul-2016,Quezon City,QCPD,PS 11 Galas,1,0,,,,,,,,Police
419,Jan-2017,Quezon City,QCPD,PS 04 Novaliches,1,1,0.0,0.0,0.0,0.0,0.0,0.0,0.0,Police
420,Jan-2017,Quezon City,QCPD,PS 04 Novaliches,1,0,0.0,0.0,0.0,0.0,0.0,0.0,0.0,Police
422,Jan-2017,Quezon City,QCPD,PS 02 Masambong,1,0,0.0,0.0,0.0,0.0,0.0,0.0,0.0,Police
423,Jan-2017,Quezon City,QCPD,PS 03 Talipapa,1,1,0.0,0.0,0.0,0.0,0.0,0.0,0.0,Police
424,Jan-2017,Quezon City,QCPD,PS 03 Talipapa,1,1,0.0,0.0,0.0,0.0,0.0,0.0,0.0,Police
425,Jan-2017,Quezon City,QCPD,PS 06 Batasan,1,1,0.0,0.0,0.0,0.0,0.0,0.0,0.0,Police
426,Jan-2017,Quezon City,QCPD,PS 06 Batasan,1,1,0.0,0.0,0.0,0.0,0.0,0.0,0.0,Police
427,Jan-2017,Quezon City,QCPD,PS 05 Fairview,1,0,0.0,0.0,0.0,0.0,0.0,0.0,0.0,Police
428,Apr-2017,Quezon City,QCPD,PS 05 Fairview,1,0,0.0,0.0,0.0,0.0,0.0,0.0,0.0,Police
438,Jul-2016,Quezon City,QCPD,PS 05 Fairview,1,1,,,,0.0,0.0,1.0,0.0,Police
441,Sep-2016,Quezon City,QCPD,PS 06 Batasan,1,1,0.0,0.0,0.0,0.0,0.0,0.0,1.0,Police
442,Sep-2016,Quezon City,QCPD,PS 06 Batasan,1,1,0.0,0.0,0.0,0.0,0.0,0.0,1.0,Police
456,Apr-2017,Quezon City,QCPD,PS 06 Batasan,1,1,0.0,0.0,0.0,0.0,0.0,0.0,0.0,Police
462,Jun-2017,Quezon City,QCPD,PS 06 Batasan,0,1,0.0,0.0,0.0,0.0,0.0,1.0,0.0,Police
470,Jul-2017,Quezon City,QCPD,PS 02 Masambong,0,1,0.0,0.0,0.0,0.0,0.0,0.0,0.0,Police
471,Jul-2017,Quezon City,QCPD,PS 02 Masambong,0,1,0.0,0.0,0.0,0.0,0.0,0.0,0.0,Police
472,Jul-2017,Quezon City,QCPD,PS 02 Masambong,0,1,0.0,0.0,0.0,0.0,0.0,0.0,0.0,Police
474,Jul-2017,Quezon City,QCPD,PS 02 Masambong,0,1,0.0,0.0,0.0,0.0,0.0,0.0,0.0,Police
483,Aug-2016,Quezon City,QCPD,PS 06 Batasan,1,1,0.0,0.0,0.0,0.0,0.0,0.0,0.0,Police
492,Jun-2017,Quezon City,QCPD,PS 04 Novaliches,1,0,0.0,0.0,0.0,0.0,0.0,0.0,0.0,Police
493,Jun-2017,Quezon City,QCPD,PS 04 Novaliches,1,0,0.0,0.0,0.0,0.0,0.0,0.0,0.0,Police
494,Jun-2017,Quezon City,QCPD,PS 04 Novaliches,1,0,0.0,0.0,0.0,0.0,0.0,0.0,0.0,Police
495,Jun-2017,Quezon City,QCPD,PS 01 La Loma,1,0,0.0,0.0,0.0,0.0,0.0,0.0,0.0,Police
496,Jun-2017,Quezon City,QCPD,PS 01 La Loma,1,0,0.0,0.0,0.0,0.0,0.0,0.0,0.0,Police
497,May-2017,Quezon City,QCPD,PS 06 Batasan,1,0,0.0,0.0,0.0,0.0,1.0,0.0,0.0,Police
498,May-2017,Quezon City,QCPD,PS 06 Batasan,1,0,0.0,0.0,0.0,0.0,1.0,0.0,0.0,Police
499,May-2017,Quezon City,QCPD,PS 09 Quirino,1,0,0.0,0.0,1.0,0.0,0.0,0.0,0.0,Police
500,May-2017,Quezon City,QCPD,PS 09 Quirino,1,0,0.0,0.0,0.0,0.0,0.0,0.0,0.0,Police
501,May-2017,Quezon City,QCPD,PS 09 Quirino,1,0,0.0,0.0,1.0,0.0,0.0,0.0,0.0,Police
502,Nov-2016,Quezon City,QCPD,PS 04 Novaliches,1,0,0.0,0.0,0.0,0.0,0.0,0.0,0.0,Police
503,Jul-2016,Quezon City,QCPD,PS 06 Batasan,1,0,,,,0.0,0.0,0.0,0.0,Police
504,Jul-2016,Quezon City,QCPD,PS 06 Batasan,1,0,,,,0.0,0.0,0.0,0.0,Police
505,Jul-2016,Quezon City,QCPD,PS 06 Batasan,1,0,,,,0.0,0.0,0.0,0.0,Police
506,Nov-2016,Quezon City,QCPD,PS 03 Talipapa,1,0,0.0,0.0,0.0,0.0,0.0,0.0,0.0,Police
592,Aug-2016,Quezon City,QCPD,PS 06 Batasan,0,0,0.0,1.0,0.0,0.0,0.0,1.0,0.0,Police
607,Aug-2017,Quezon City,QCPD,PS 09 Quirino,0,0,1.0,,0.0,1.0,0.0,0.0,0.0,Police
610,Aug-2017,Quezon City,QCPD,PS 06 Batasan,0,1,0.0,0.0,0.0,0.0,0.0,0.0,1.0,Police
611,Aug-2017,Quezon City,QCPD,PS 06 Batasan,0,1,0.0,0.0,0.0,0.0,0.0,0.0,1.0,Police
612,Aug-2017,Quezon City,QCPD,PS 06 Batasan,0,1,0.0,0.0,0.0,0.0,0.0,0.0,0.0,Police
613,Aug-2017,Quezon City,QCPD,PS 06 Batasan,0,1,0.0,0.0,0.0,0.0,0.0,0.0,0.0,Police
614,Aug-2017,Quezon City,QCPD,PS 04 Novaliches,0,1,0.0,0.0,0.0,0.0,0.0,0.0,0.0,Police
618,Aug-2017,Quezon City,QCPD,PS 12 Libis,0,1,0.0,,0.0,0.0,0.0,0.0,0.0,Police
623,Aug-2017,Quezon City,QCPD,PS 11 Galas,0,1,0.0,,0.0,0.0,0.0,0.0,0.0,Police
631,Aug-2017,Quezon City,QCPD,PS 11 Galas,0,1,0.0,,0.0,0.0,0.0,0.0,0.0,Police
657,Sep-2016,Quezon City,QCPD,,0,1,0.0,0.0,0.0,0.0,0.0,1.0,0.0,Police
658,Oct-2016,Quezon City,QCPD,,0,1,0.0,0.0,0.0,0.0,0.0,0.0,0.0,Police
661,Oct-2016,Quezon City,QCPD,,0,1,0.0,0.0,0.0,0.0,0.0,0.0,0.0,Police
662,Dec-2016,Quezon City,QCPD,,0,1,0.0,0.0,0.0,0.0,0.0,1.0,0.0,Police
664,Jul-2016,Quezon City,QCPD,,0,1,,,,0.0,0.0,1.0,,Police
665,Oct-2016,Quezon City,QCPD,,0,1,0.0,0.0,0.0,0.0,0.0,0.0,0.0,Police
668,Sep-2016,Quezon City,QCPD,,0,0,0.0,0.0,1.0,0.0,0.0,0.0,0.0,Police
702,Aug-2016,Quezon City,QCPD,,1,1,,,,0.0,0.0,0.0,0.0,Police
703,Jan-2017,Quezon City,QCPD,,0,1,0.0,0.0,0.0,0.0,0.0,0.0,0.0,Police
706,Jul-2017,Quezon City,QCPD,,0,1,0.0,0.0,0.0,0.0,0.0,0.0,0.0,Police
707,Jul-2017,Quezon City,QCPD,,0,1,0.0,0.0,0.0,0.0,0.0,0.0,0.0,Police
